first_name,last_name
Diane-marie,Spleving
Darren,Ericssen
Latisha,Curton
Tuesday,Sherry
Aaren,Le Grove
Barnabas,Alden
Sara-ann,Young
Jeri,Cadd
Drake,Chalmers
Carroll,Knath
Roderich,Mushett
Allie,Clowsley
Mort,Orsman
Montague,Chesney
Gino,Scawton
Kittie,Biasioli
Flory,Gavey
Rinaldo,Klesl
Patty,Hassent
Dasie,Mandeville
Erv,Delort
Bren,Tummasutti
Caresa,Krzyzowski
Kristien,Otterwell
Celine,Prisley
Farand,Antonin
Randy,Cuberley
Jeralee,Vineall
Annabal,Carrabot
Audrye,Chaudret
Darsey,Tuck
Rachael,Franzelini
Bernadina,Brownsill
Julienne,Edling
Welch,Scole
Barton,Cockaday
Bat,Hasser
Clementius,Boyde
Dotti,Spottiswoode
Jo,Matyasik
Willa,Locker
Alessandra,Petchell
Zaria,Matousek
Angy,Trevena
Twyla,Kief
Minnie,Belly
Granny,Mehaffey
Sharyl,Arnholz
Othello,MacTavish
Barr,Oleksinski
Loria,Burree
Bobina,Cheesworth
Sabra,Spellessy
Bev,Broader
Willy,Hagard
Victoir,Dobbings
Hedwiga,Mair
Faythe,Beard
Erhart,Humphrey
Adriena,Tutill
Tisha,Wehnerr
Sonnie,MacCaffrey
Isador,Powys
Wenonah,Dreghorn
Dudley,Linstead
Nerte,Mattek
Kali,Bridgwood
Mellisent,Welldrake
Agnes,Widmore
Bria,Skures
Andrea,Colbert
Selma,Follan
Carlita,Dennert
Lotta,Diggles
Elianore,Lund
Siouxie,Ellerington
Hazel,Elwill
Hayden,Katzmann
Tallie,Pietersen
Walliw,Lamb
Linn,Kears
Sheila-kathryn,Beesey
Christa,MacGlory
Frayda,Ledster
Linn,Arents
Maurise,Crebott
Frasquito,Sommers
Elita,Bulman
Beatrix,Beau
Amos,Iannuzzelli
Meaghan,Middler
Marcie,Warcop
Zorina,Whitmell
Amalee,Gilchrest
Bil,Gowland
Anton,Haughian
Valentino,Steven
Terri,Fittall
Milt,Janczewski
Genni,Trumble
Fielding,Stonelake
Holmes,Bruffell
Philly,Perrins
Rowena,Glitherow
Hermione,Ratter
Mel,Milham
Ludovico,Fermin
Margarita,Jorck
Carmina,Rosenstengel
Javier,Burbank
Christina,McCarty
Brien,Tofpik
Adria,Colleford
Elise,Haster
Emmanuel,Hendrichs
Hagan,Hume
Quill,Keune
Josselyn,Gianninotti
Carroll,Redmain
Mike,Gieves
Zenia,Bromhead
Marney,Maly
Noel,Hendron
Tatum,Kann
Jared,Jouandet
Fredia,Matterdace
Cullin,Batterton
Delphinia,Ygo
Brina,Stirling
Loy,Lovemore
Evelina,Bealing
Lib,Snaith
Lindy,Montgomery
Aleta,Elvins
Davine,Parncutt
Katine,Drover
Marshall,Hagwood
Denise,Honacker
Starr,Maypowder
Jasper,Heddan
Prent,Banbridge
Maxy,Moody
Kari,Votier
Rayshell,Brownsett
Eve,Fennell
Debi,Pallent
Jewel,Sturney
Anjela,Wayne
Sherline,McNeely
Filberto,Glinde
Esmaria,Dugdale
Wylie,Gudgen
Brittan,Whetson
Fletch,Noel
Starla,Kearton
Ichabod,Ghost
Stacia,Scholes
Kaylyn,Danson
Raquela,Kochl
Ammamaria,Hammerman
Sabra,Morde
Brett,Wellings
Miguela,Forrestall
Thane,Goodger
Frans,Gauvin
Niel,McKniely
Judie,Ceyssen
Stillmann,Sivyer
Iona,Radmore
Belvia,Castaignet
Sonni,Accum
Magdalena,Brazer
Selig,Excell
Elysha,Heinel
Audie,Leupold
Connor,Harrema
Dania,Andreucci
Catina,Gemelli
Dav,Liepina
Garv,Crummey
Marybelle,Burgane
Ibby,Witty
Wallis,Schachter
Dylan,Corona
Clotilda,Jacobowitz
Cordey,Broadstock
Artie,Lyon
Lonni,Golagley
Meghan,Okey
Ruby,Petrozzi
Alexandrina,Sheather
Zed,Langstrath
Edan,Georg
Ame,Hayles
Glenn,Van der Brugge
Mead,Ayres
Lorettalorna,Winter
Lyn,Mcsarry
Muire,Boorn
Wenona,Murkitt
Vicki,Sebert
Afton,Rawsthorne
Demetria,Christene
Kiele,Elders
Samuele,Boskell
Quillan,Kubelka
Steven,Wragge
Sheryl,Rabbe
Rossie,Broadbere
Juieta,Leet
Gussie,Matityahu
Melisent,Corneil
Tate,Selburn
Adaline,Yoell
Fred,Gossage
Halsey,Valentinetti
Lynett,Durdle
Jerrilyn,Vokins
Penelope,Karlicek
Al,McErlaine
Othilia,Dullard
Johnna,Shreeves
Rosana,Morgue
Northrup,Humberston
Duane,Mulvagh
Kandace,Ecclestone
Callie,Truman
Miof mela,Escala
Corilla,Branston
Flora,Tant
Andree,Brailsford
Kaela,Blanko
Rogerio,Goudman
Beth,Canfer
Bordie,Fisby
Gregory,Petters
Lockwood,Du Barry
Kelcey,Realy
Althea,Playle
Rubetta,Torricella
Ashli,Canelas
Em,Corley
Nobe,Chapling
Wynne,Shrimptone
Nerta,Tanser
Ervin,Sey
Zondra,Yeudall
Janos,Kensitt
Schuyler,Akester
Correna,Hartas
Myrtice,Fortnum
August,Hazeldine
Rancell,Donnachie
Jackelyn,Naldrett
Ransom,Andreou
Nevin,Khan
Danell,Whieldon
Rolfe,Worgan
Towny,Andress
Siffre,Hub
Lelia,Caroli
Roscoe,Rajchert
Brenda,Benting
Deanna,Wisher
Ford,Nodes
Gregory,Stritton
Mireille,Kneale
Stephine,Wittier
Nels,Shireff
Tarrah,Aspinell
Welch,Urch
Boothe,Potebury
Prudence,Lenz
Gay,Boorer
Stevana,Golagley
Tiphani,Ourtic
Reine,Petto
Jobyna,Gentsch
Osborne,Ortega
Dev,Ternott
Dorita,Pagram
Allen,Van Arsdale
Igor,Newick
Mikel,Kubala
Field,Spackman
Fidelia,Wroath
Faye,Bierling
Lillian,Lavall
Rhys,Dalgliesh
Daniel,Garrison
Broddie,Lissandri
Layne,Crunkhurn
Elsi,Lennon
Tucker,Moxham
Shara,Pharoah
Arline,Diglin
Abelard,Tunaclift
Theodor,Beincken
Camile,Vibert
Franciskus,Pfeffel
Aleen,Eilhertsen
Myrvyn,Slocket
Hermione,Mandrey
Win,Baldetti
Tim,Geal
Joann,Hessing
Sherline,Dabney
Tessa,Morcom
Garry,Nassey
Obidiah,Manston
Tobye,Klesel
Caritta,Bracken
Charlena,Feldklein
Lurette,Pagett
Abbie,McCluney
Tonya,Avramovic
Filip,Bernt
Arielle,Sullly
Lauren,Arnli
Andonis,Pargiter
Rhetta,Autry
Honey,Pilpovic
Elwin,Francescuccio
Zia,McOmish
Redford,Martinec
Charo,Capel
Ulrika,Kingaby
Isabelle,Bartoszek
Barbey,Nye
Gardy,Newberry
Deloria,Hagston
Lanni,Kerridge
Brant,Camsey
Sheila,Patifield
Gerri,Humphrey
Lauren,Hedditch
Boyce,Purslow
Darbee,Varren
Conroy,Obert
Coop,Portwain
Robbie,Sutherland
Billie,Tainton
Hugo,Hunte
Lion,Batchelar
Dwayne,Kyle
Fan,Vasilkov
Jemmy,True
Iago,Jillings
Toby,Tourot
Danya,Jahnke
Carry,Gallear
Lynelle,Crehan
Lon,Boodle
Clarie,Chaldecott
Zilvia,Garnson
Grant,Roloff
Noemi,Kopec
Salvidor,Mallinar
Ardisj,Hedditeh
Ibbie,McAllister
Letizia,Lotte
Jinny,Surplice
Felipa,Yanin
Zaccaria,Yven
Rianon,Bamber
Lorry,Barrowclough
Davie,Sedge
Rubie,Scoffham
Karlee,Congreve
Tyrone,Riddler
Ellis,Brimmell
Agnesse,Paddison
Abbi,Kennford
Claudetta,Le Brum
Fidel,Vipan
Zelda,Poon
Tynan,Cray
Kelila,Blakemore
Karon,Sainsbury-Brown
Kaitlyn,Temby
Averil,Bachnic
Alfredo,McCumskay
Myrtice,Macey
Margit,Alans
Elsi,Palke
Yance,Maccari
Clary,Balentyne
Bird,Charlon
Ephraim,Whibley
Penrod,Parlet
Nick,Daulby
Adelind,Dighton
Brandea,Buesden
Brnaba,Toffetto
Saul,Kilgannon
Kissiah,Gegg
Agnella,Solleme
Salomone,Pietrasik
Mab,Ervin
Truda,Barkess
Donella,Duesbury
Abelard,Le Lievre
Justin,Henkmann
Monika,Ingerson
Torr,Cruikshanks
Deena,Fried
Sayres,Chaffe
Julie,Twentyman
Emlynn,Enticott
Dulsea,Krysztofiak
Aundrea,Westrey
Rockwell,MacNeice
Yvor,Baldoni
Lanni,Vanyard
Jennifer,Colebourne
Hilly,Mickan
Donnie,Drabble
Christan,Morison
Corly,Bloom
Timotheus,Ratazzi
Winthrop,Knoble
Erl,Sterland
Lucine,Ciani
Fifine,Edwardes
Hatty,Peffer
Herminia,Piecha
Trefor,Lydster
Oby,Breagan
Kalvin,Segar
Carlo,Blachford
Dame,Petracek
Brandie,Goulborne
Kiri,Weatherhead
Corissa,Tillerton
Reamonn,Walewicz
Aldus,Bolwell
Albrecht,Crammy
Allys,McAllen
Marsha,Doyley
Jason,Garn
Normand,Belford
Richmond,Pattingson
Bartolemo,Yorke
Janeczka,Longcake
Tallie,Priddy
Kathe,Liddall
Avie,Daintry
Davin,Collerd
Lou,Tomas
Iolande,Fountian
Charisse,Ilyunin
Emlyn,Phant
Kamilah,Gallelli
Jerrome,McFie
Danell,Bricklebank
Buddie,Grzeskowski
Daron,O'Nion
Meir,Edis
Ethelda,Riddeough
Kelci,Collet
Suki,Mycroft
Maren,Sneezem
Jasmin,Worsfold
Ashely,Ozanne
Dionisio,Silverthorn
Hewie,Wheble
Celka,Fosten
Casey,Scouler
Wynny,Lodwick
Micky,Rostron
Donica,Bettinson
Clevie,Finey
Lucy,Pymer
Amabelle,Carnoghan
Jenica,Eastop
Byram,Hurles
Janina,Matuska
Brand,Matteau
Townie,Garnsey
Rozele,Krier
Crawford,Macrae
Abdel,Moulding
Anastasia,Stife
Anatol,McKeowon
Riordan,Pearcehouse
Franzen,McNerlin
Doris,Klehyn
Barbara-anne,Sabban
Janel,Bloxam
Cordey,Greenside
Gwenny,Antonutti
Cherye,Vine
Marjory,Haldenby
Quinn,Gorbell
Clemente,Illing
Lauritz,Fealey
Kathie,Baudouin
Lanna,Fosserd
Clayton,Rein
Carlen,Feron
Sande,De Nisco
Sergeant,Livick
Ettie,Stroban
Thayne,Prene
Kass,Betke
Lowell,Mandifield
Joey,Greensted
Sorcha,Wrangle
Edythe,Brosoli
Lucretia,Tiner
Kala,Roden
Ulises,Lilloe
Thaddeus,Brizland
Adair,Elvins
Stephani,Zack
Holli,Shere
Hollie,Andrys
Jerrilee,Vowells
Timoteo,Moriarty
Saundra,Davids
Reinaldos,Klamp
Elane,Nanetti
Idalina,Cohen
Stefano,McCullouch
Jobie,Owen
Angelina,McGuinley
Bryant,MacAindreis
Gabby,Urlich
Dorthy,Mantram
Simonne,Dunham
Eveleen,Inderwick
Maximilien,Innott
Abagail,Triggol
Gav,Cleal
Cathy,Mouse
Woodie,Meijer
Merrill,Vallentin
Ermanno,Rance
Fae,Crowd
Ree,Hollington
Dominick,Riggulsford
Isaiah,Epps
Nichole,Tremollet
Virginie,Otham
Amery,Walpole
Alisa,Catford
Jessika,Duprey
Alena,Pantling
Wheeler,McCaffrey
Judah,Vasyukhichev
Michael,Vernall
Savina,Lezemere
Archibald,Beach
Drucie,Striker
Stefano,Purchase
Raymond,Skivington
Feliks,Thumnel
Welch,O'Hern
Danice,Oglevie
Lexie,Bowes
Dugald,Decort
Scarlett,Couth
Jeniece,Batchelder
Rhoda,Dafforne
Demott,Hullot
Catherine,Tyson
Fanni,Trevino
Jory,Cholmondeley
Boyd,Braund
Frederique,Thunnerclef
Lombard,Brophy
Gwenni,Yaakov
Carmel,Haily
Zolly,Skyme
Edgar,Colaco
Ketty,De Giorgi
Veronique,McKeller
Fred,Dadswell
Portia,Michurin
Gerianna,Bercevelo
Jobina,Drache
Sybilla,Jedrzejewicz
Reece,Courtois
Kassie,Zambonini
Hesther,McCourtie
Twyla,Welland
Celene,Gude
Gal,Gandy
Law,Fermor
Selena,Tatershall
Jacky,Matthieson
Kurt,Donoher
Brittney,Sworn
Ramsey,Vaen
Viola,Dundridge
Free,Meysham
Freeland,Bolitho
Roxine,Gotmann
Nahum,Jeanneau
Vittorio,Marquet
Simona,Rittelmeyer
Ernst,Joanic
Tadeas,Imore
Theresina,Gerold
Tonya,Ambrogiotti
Reeva,Claricoates
Maximo,Swigger
Dino,Streader
Andi,Sorrie
Ofelia,Fairham
Nate,Nehls
Omar,Samson
Rhodie,Fritschmann
Karissa,Salthouse
Bary,Leak
Brandy,Yukhnev
Alwyn,Altimas
Carolina,Saice
Paulie,Perrington
Orren,Metts
Emili,Hainsworth
Thorsten,Ferriby
Reginald,Masham
Romona,Grime
Mellie,Twining
Dayle,Klimkiewich
Ethyl,Spellward
Estelle,Cockroft
Leonid,Edelheid
Dion,Mars
Archaimbaud,Boyes
Adriano,Dominguez
Rina,Camelli
Emalia,Ferrandez
Lydon,Rogerot
Yves,Hrishanok
Rosana,Worsell
Malena,Lawtie
Tedman,Bizley
Papagena,Werrit
Augustine,Aireton
Kalindi,Warnes
Fransisco,Annets
Russell,Shiel
Tani,Gartan
Skipp,Fabler
Cybill,Tourmell
Dion,Amoore
Colette,Heatley
Dyna,Dragoe
Goddart,De Blasiis
Jerrylee,Blayney
Georgie,Brimfield
Ingar,Dymidowicz
Jacob,Graver
Torrence,Tipton
Ingram,Hutcheson
Lonni,Paget
Aluino,Eastway
Yanaton,Oliveti
Hannah,Zemler
Osgood,Duhig
Meta,Melross
Muire,Tourner
Rodolphe,Frear
Nathanial,Sebastian
Alina,Tamburo
Micheil,Arangy
Tansy,Mandel
Darren,Prowting
Leone,Dowyer
Penelope,Iacovazzi
Kerianne,Lidgate
Micky,Hush
Murdock,Pelzer
Harmon,Brabin
Carver,Robilart
Penny,Eddoes
Ailis,Theml
Edy,Eastman
Neile,Truelove
Jule,Henrot
Cody,Benam
Katina,Fishbourn
Nessy,Moseley
Wanda,Marmon
Tomaso,Spurling
Nixie,Seefeldt
Jermaine,Rangell
Rolland,Radnage
Ragnar,Skeels
Sheffield,Dallander
Stafani,Tarburn
Malvin,Linster
Niccolo,Verne
Angus,Fellow
Sibyl,Millott
Jaynell,Ausiello
Elie,Keal
Gustaf,Chisholme
Alex,Geach
Brander,McIlherran
Patsy,Morecomb
Kissie,Jerams
Lorna,Van der Kruys
Amalle,Custed
Yolanthe,Bindin
Danit,Keyme
Terri,Glasbey
Krystyna,Camamill
Tandy,Parrott
Roxane,Dullaghan
Morley,Stephens
Carma,Burgwin
Nefen,Harlowe
Jerri,Tock
Ranique,Darben
Adolpho,Delph
Maurizio,Whordley
Sarette,Collerd
Bron,O'Quin
Kimbell,Strowger
Abelard,Bragger
Rosita,Ingledow
Kirbie,Langhorne
Branden,Hildred
Blondell,Dudliston
Alexandro,Synder
Carl,Fido
Oneida,Rannells
Loise,Heinecke
Noby,Eingerfield
Leshia,Ovington
Christabella,McGourty
Antoinette,Tomlin
Tawnya,Kedie
Vincents,Jansen
Langston,Peres
Justino,Winspar
Marthena,Olyfat
Freedman,Bussons
Mandi,Turnell
Hieronymus,Bott
Goldie,Yushin
Thoma,Burrel
Emmit,Heales
Deeann,Maulin
Lowrance,Turbitt
Maure,Baumford
Derry,De Biasi
Albie,Boldt
Rhoda,Hitzke
Merill,Beers
Ringo,Fones
Hallsy,Choat
Patrick,Rijkeseis
Cort,Kinkaid
Shandie,Bambrugh
Dorey,Digance
Winny,Stuffins
Laurette,Smolan
Fianna,Yelland
Roderigo,Desseine
Reinald,Morena
Juliette,Eyrl
Yuri,Yearsley
Ilaire,Dight
Luca,Semour
Faunie,Harsum
Ethelbert,Fulstow
Greggory,Keenan
Vida,Dominico
Polly,Stolworthy
Rodd,Weben
Bernelle,Van der Beek
Lorry,Vincent
Kasey,Burtwhistle
Vally,Reye
Sashenka,Keenleyside
Dewey,Pering
Rance,Steeden
Hilarius,Fonte
Keelby,Mityashev
Heather,Kondratyuk
Daryle,Magee
Vale,Bennallck
Ediva,Morfell
Jocelin,Pudding
Marys,Strain
Gonzalo,Rogier
Ally,Adrain
Xavier,Woodrup
Josselyn,Theml
Natty,Corston
Bruce,Chang
Linnell,Nathan
Candace,Reignard
Nani,Piel
Fran,Moxon
Pancho,Gaven
Catha,Jambrozek
Gilburt,Moriarty
Kira,Cello
Allard,Robarts
Valentino,Davley
Ashli,Penquet
Chelsea,Corns
Anya,Lorenzetto
Stillman,Kebell
Celestyn,de Merida
Ragnar,Juckes
Nikki,McDavitt
Siouxie,Farans
Scarlett,Ormrod
Ara,Allawy
Consolata,Doig
Cammy,MacAlister
Adah,Krolle
Cacilie,Vassar
Mic,Kirtlan
Fredrika,Sellan
Terrill,Catford
Vinny,Slowgrave
Marieann,Philcott
Camila,Rolfini
Vivien,Lampart
Lynnette,Cornes
Alexandros,Shera
Lucia,Samuel
Ellen,Espadate
Brok,McGaugey
Seka,Stollsteimer
Ambrosi,Athersmith
Consuela,Agneau
Babette,Bogue
Renado,Thorwarth
Danica,Bollon
Glyn,McCallion
Ignacius,Biagioni
Hale,Lelievre
Natalie,Rugge
Viviyan,Light
Delbert,Dearn
Alfie,Roberson
Rip,Friberg
Bekki,Waldie
Teodoro,Hiom
Hertha,Calwell
Zonnya,Trimmell
Gerrard,Hannond
Jesse,Corrao
Jan,Gavin
Brier,Tregear
Crissie,Murch
Golda,Sumpton
Courtnay,Baudrey
Sloane,Ridehalgh
Ulrike,Paramore
Kerk,Tolliday
Vasilis,Soppit
Juana,Hounsom
June,Preshaw
Jody,Parcell
Roz,Libermore
Rozina,Kivits
Karine,Mardall
Dosi,Bunny
Gamaliel,Cheshir
Colline,Blaschke
Jobey,Sier
Hillier,O'Currigan
Franz,Hundal
Garnette,Iowarch
Nert,Dibbert
Yurik,Lydall
Charmian,Goulden
Brear,Dominique
Jaime,Markovic
Linea,Ginsie
Jocko,Clayill
Dun,Hammel
Lolly,Hales
Cammie,Thacker
Arie,Branscombe
Lester,Baylie
Sharai,McDarmid
Konstantine,Krugmann
Ania,Cardus
Arel,Town
Jammal,Ackermann
Aldwin,Caizley
Udell,Elizabeth
Corine,Handover
Lenka,McKintosh
Archy,Jenckes
Amelie,Houtby
Aylmer,Charnock
Toby,Aleavy
Felike,Scanes
Inger,Zollner
Denny,Cammocke
Addie,Koenraad
Janey,Poynor
Josh,Hacking
Husein,Fanti
Carey,Vaughn
Faber,Lawlee
Kay,Knipe
Esteban,Van Driel
Malanie,Bayldon
Delmar,Summerlad
Hermy,Halfacre
Mora,Lenz
Loraine,Canceller
Antons,Cudworth
Ignacius,Monday
Camilla,Broadbent
Jacob,Putnam
Calley,Yelden
Ingram,Presser
Arlen,Greenhill
Celia,Gorrissen
Hunt,Kildea
Cecily,Zoren
Hanni,Cecil
Iseabal,Le Fleming
Vernen,Timmes
Ilario,Giorgiutti
Gerardo,Cominello
Margarethe,Hulcoop
Noland,Pelman
Robena,Pedreschi
Jania,Beevor
Bayard,De Zuani
Doro,Wasmer
Tris,Labeuil
Hardy,Rennix
Lionel,Bohler
Townie,Paddemore
Michel,Whitticks
Erny,Capelle
Noak,Shulem
Arri,Ginn
Emmalynne,Beardow
Anjanette,Fosberry
Helli,Tinmouth
Staffard,Worvell
Rosemonde,Klehyn
Elsworth,Potes
Slade,Ogelbe
Wendeline,Emtage
Trudy,Dunnet
Erroll,Van Oord
Moll,Brobak
Cloris,Vanner
Wynny,Karolewski
Rakel,Hindsberg
Lucius,Froom
Dulci,Stockoe
Ivonne,Kingdon
Tiff,Nash
Magnum,Filyaev
Cassandre,Kulas
Cesaro,Duffet
Kristien,Giacoppo
Hillel,Tower
Georas,Fuller
Law,Janota
Faydra,Kelway
Ysabel,Boniface
Coralie,Kissick
Ines,Mitchel
Marin,Vaun
Charleen,Walesa
Adair,Frenzl
Merissa,Waywell
Fredelia,Terran
Marisa,MacGillavery
Elianore,Reaveley
Tabitha,Skrzynski
Batholomew,Bodsworth
Estrellita,Giggs
Lock,Stathers
Carmen,Pretswell
Cathleen,Cunrado
Jacquie,McGeown
Daphene,Deinert
Birgit,Boller
Thor,Cokayne
Zed,Gillson
Reese,Luckcuck
Hiram,Hamberstone
Lenka,Rangall
Byrann,Culshew
Floyd,Maddison
Krista,Hammell
Winthrop,Wheelband
Farley,Longworth
Aaron,Reilingen
Marcella,Gwatkins
Zelda,Wyper
Gus,Ezzle
Sampson,Jellis
Leon,Starrs
Spike,MacRirie
Reese,Bottomley
Halley,Faunt
Eric,Wong
Maureene,Sabates
Curcio,Megahey
Rhea,Ambrodi
Rriocard,Barrack
Adolpho,Archell
Hewet,Ferrara
Corney,Pimmocke
Lorenza,Le Brun
Niven,Estcourt
Paola,Bilson
Krishna,Shakle
Pollyanna,Francois
Abbe,Beverley
Clim,Orridge
Rheba,Killeen
Gustavus,Dallow
Gratiana,Haythornthwaite
Maiga,Dowears
Darryl,La Wille
Anthiathia,Baudone
Sylvan,Marzella
Leola,De Andreis
Clive,Mabey
Abram,Konrad
Maddy,Swancock
Ranna,Elliss
Vale,Redwood
Noland,Roussell
Dev,Worthing
Cathlene,Corcoran
Serena,Greendale
Julie,McAughtry
Jo,Langrick
Vachel,Souster
Marlane,Pattison
Del,Sedgeman
Beatrix,Maypother
Karlene,Olivier
Tiff,Fathers
Orion,Tumilty
Miles,McGreil
Radcliffe,Cowell
Nananne,Soule
Fin,Martusov
Crista,Ephgrave
Berne,Hourican
Kingsly,Cannop
Ebba,O'Hederscoll
Jeramey,Wynett
Aloisia,Chaff
Connie,Boomes
Free,Houten
Ambros,Doram
Angelico,Potts
Suzanne,Guice
Darleen,Shields
Bianka,Barge
Kara-lynn,Oakes
Harman,Critcher
Phyllys,Goldingay
Violetta,Tolfrey
Maurits,Sharvill
Lexine,Gagin
Michelle,Scaysbrook
Gris,Langfat
Catharina,De la Barre
Danie,Ghelarducci
Emili,Gatenby
Tracey,Vuittet
Arda,Urvoy
Tyson,Flawn
Trish,Tremollet
Suzann,Roantree
Jourdain,Grasha
Wiatt,Camous
Florinda,Moriarty
Lorine,Affleck
Maris,Skirvin
Caye,Rutherforth
Bab,Cristofolini
Rodney,Banasevich
Ernst,Pavitt
Sebastian,Ness
Faith,Cahan
Dorolice,Kemball
Ernest,Merlin
Madelene,Sprakes
Timofei,Ellse
Brodie,Cleator
Bentlee,Plues
Candice,McGeachy
Ritchie,Cuttle
Maybelle,Piddick
Ginevra,Sapsed
Alina,Prandi
Jere,Shenfisch
Thia,Shapcote
Gran,Shackell
Veradis,Hurdis
Laureen,Saffill
Dionis,Dinnis
Barret,Ladloe
Julina,Flanagan
Reinaldo,Palin
Janessa,Piercey
Addy,Houseago
Chryste,Comolli
Alane,Basso
Sydel,Goudman
Ianthe,Lockier
Barn,Eldered
Pavia,McClymont
Winn,Werrett
Alyss,Grishmanov
Hartwell,Ruddy
Jimmie,Meaney
Janessa,Hove
Nevin,Gladwin
Lark,Semiraz
Violetta,Fennelly
Royce,Mussared
Lane,Dennison
Sela,Smullin
Cyb,Poznan
Marge,Padbery
Byran,Quail
Doy,McMeekin
Ruggiero,Jekel
Lacee,Dawkes
Natale,Elmar
Klara,Ruddlesden
Sharleen,Wadforth
Chico,Rodolf
Emmalyn,Windrass
Moshe,Cossins
Fancie,Hearon
Newton,Brent
Cord,Pashan
Damita,Sexton
Sapphire,Passion
Gwendolyn,Fley
Edmund,Magauran
Vernice,Rizzelli
Orrin,Gounel
Sarah,Gloves
Leora,Hendonson
Maison,Braga
Wallis,Martland
Ax,Jendrusch
Amalita,Wardell
Yankee,Ick
Micky,Manicom
Tamiko,Stoppe
Gerianne,Dunbar
Lonna,Tomasino
Dorelia,Goodge
Tobias,Deverille
Clint,Jaume
Marietta,Sweetnam
Gordon,Ranken
Ely,Rolf
Imojean,Hovenden
Wyatt,Lody
Aldrich,Tue
Kial,Calfe
Violante,Sarch
Datha,Leyburn
Karlens,Hovard
Theresa,Bagnal
Chevy,Stearn
Giuditta,Musslewhite
Clarinda,Cookman
Llewellyn,Ingrey
Fayette,Shellsheere
Bondon,Diter
Lucille,Scotchforth
Teirtza,Farbrother
Paloma,Duckworth
Ellie,Beeby
Alden,Fausch
Aili,Kuhl
Britni,Malenoir
Amabel,Creffield
Sheelagh,Battrum
Ancell,Johansson
Vin,Brazur
Lane,Dolden
Kathryne,Wrate
Beryle,Vakhonin
Mona,Ragsdale
Bent,Radoux
Luisa,Steynor
Rolando,Jotham
Anson,Nairn
Rorke,Spinney
Nickola,Boyer
Deeann,Elt
Laraine,Andor
Donnamarie,Pattle
Daffi,Adshad
Gabrielle,Dunniom
Tammy,McCullock
Kristoffer,Pahler
Jaimie,Whitland
Fabio,MacUchadair
Lyndsay,Ambrodi
Nancie,Gooly
Harlan,Shackelton
Annalise,Lomond
Marget,Fullard
Glynn,Gorce
Cassi,Goodbody
Marigold,Broster
Fernande,Harding
Corbie,Coult
Tracy,Nestor
Irv,Kinglake
Engelbert,Riediger
Aeriel,Bosquet
Bartholomew,Smyley
Corrie,Maith
Doralyn,Elson
Silvester,Ovendale
Berky,MacKeague
Seline,Bacup
Kyle,Biddiss
Leeann,Borrott
Erminia,Ladbrooke
Kathrine,Hastelow
Stephannie,O'Crigane
Phyllida,Phittiplace
Ericha,Christofides
Della,Kearney
Sergent,Kroll
Anderson,Hinckesman
Krishna,Twoohy
Rosita,Mc Faul
Mathe,Noblett
Sib,Rushbury
Ronald,Weekley
Joyann,Dunbobin
Meagan,Jenman
Mill,Curnokk
Garold,Braybrook
Merle,Shingles
Lane,Chancelier
Correy,Mowat
Lelia,Corradini
Jarret,Trase
Daisi,Newland
Grady,Persence
Anderea,Etuck
Nyssa,Bullock
Tami,Pedron
Knox,Parncutt
Dorree,Jancso
Karleen,Sullens
Laurence,Stiffkins
Kelsey,Siggee
Marielle,Verchambre
Angeli,Gibby
Gerrard,Eudall
Hally,Wilkin
Sammie,Shawdforth
Fernando,Scading
Claudianus,Penney
Clotilda,Costellow
Bendicty,Persian
Kirby,Maywood
Osgood,Kilfeather
Chev,Sigg
Gavan,Walkingshaw
Rubi,Askin
Wallas,Twopenny
Gladi,Weatherby
Sarajane,Eilhermann
Marysa,McDyer
Forrester,Picker
Evan,Lisett
Van,Lethebridge
Florella,Isham
Gates,Egdal
Oberon,Mizzi
Swen,Abramow
Christean,Gaynesford
Myer,O'Doogan
Smith,Vamplew
Addison,Nettleship
Ardeen,Cowlin
Bertie,Melmoth
Alick,Gregory
Bent,Biagi
Belva,Pemble
Buck,Bleiman
Elita,Dyball
Estevan,Bousquet
Dall,Smither
Jamaal,Ranking
Guenna,Simione
Tull,Ebbage
Crissie,Dufaur
Toddie,Marchington
Madelaine,Avrahamian
Rosemonde,Look
Ibrahim,Curr
Rad,Thripp
Cyndia,Griffe
Mellisa,Tonbridge
Charisse,Folling
Jojo,Autrie
Jannelle,Bruhn
Salaidh,Rentilll
Thom,Kenwin
Alexis,De Witt
Shanan,Cocklie
Verney,Billham
Greggory,Cruse
Annalee,Sealy
Fancy,Melson
Burty,Takis
Silvie,Demongeot
Moritz,Mattiessen
Seka,Stobbes
Flinn,Heersma
Currey,Flindall
Cad,Ladell
Robin,Ings
Lynnette,Cruikshanks
Jany,Wheble
Glenn,Brevitt
Nevil,Clopton
Octavius,Weeke
Rudd,Heinz
Broddy,De Cristofalo
Abie,Butfield
Umberto,Auten
Wendeline,Stait
Orly,Solman
Lizabeth,Lovstrom
Ines,Keyte
Alejandra,Jurasz
Rafaello,Gapper
Krystle,Udall
Rose,Aish
Yolanda,Aberdalgy
Godwin,Yeates
Cherey,Manners
Bobette,Maymond
Barb,Planks
Roma,Di Biaggi
Rob,Thurner
Morena,Danbye
Windham,Faragher
Dietrich,Brogan
Henri,Englefield
York,Pindar
Der,Drust
Jacquelin,Davis
Ardys,Flucker
Dario,McClaren
Coriss,Quinsee
Clarie,Skully
Gavan,Touzey
Lilian,Booeln
Randolf,Hugett
Hazlett,Sproson
Wylie,Rockliffe
Leticia,Livingstone
Griff,Culshaw
Levin,Pinkie
Harmony,Corwood
Natalina,Tutchell
Ashley,Dallmann
Rurik,Simnel
Gabriell,Stanbro
Elvera,Matussov
Wenda,Penny
Morna,Bodesson
Elvira,Fantini
Lorette,Zannini
Arvy,Keesman
Lina,Capoun
Bili,Hoggan
Justis,Kobierra
Meris,Durran
Keslie,Paulot
Fleur,Delos
Nessi,Stolworthy
Beau,Attfield
Hyacinthie,Soppit
Cilka,Dellenty
Nikolaos,Swafford
Woodie,Stanlake
Barr,Lestrange
Benedetta,Dicky
Florri,Sleeny
Gnni,Father
Tedman,Macek
Karina,Reddan
Dulcea,Oliphand
Pavla,Ronald
Kristo,Couttes
Theresina,Warrillow
Sumner,Sunley
Lillian,Martinat
Shaun,Antcliffe
Maria,Ledgerton
Caressa,Dionis
Emerson,Custed
Florian,Curnokk
Deidre,Cristoforo
Trent,Grange
Lillian,Coale
Devon,Solloway
Jsandye,Vawton
Wilma,Brislane
Kelby,Van Niekerk
Terri,Paulillo
Beck,Tabram
Gabby,MacFadyen
Jarred,Mibourne
Anneliese,January 1st
Nat,Brogi
Emmett,Feldmus
Danny,Gallahue
Gene,Kebbell
Harley,Norquoy
Clementina,Portingale
Billye,Moxham
Robbie,Coldicott
Maren,Hoble
Skylar,Haddrill
Jayme,Danell
Elaine,Andreichik
Pattie,Mannagh
Avie,Packham
Cicily,Loweth
Matilda,Bowes
Osborn,Sayes
Maighdiln,Deschelle
Douglass,Affleck
Benedicto,Arnecke
Agace,Caplis
Konstantine,Howey
Vincents,Stennine
Huberto,Jozsef
Ruddy,Tullett
Jillie,Clearie
Purcell,Creyke
Ludovika,Ebdon
Missie,Van Velde
Hedvige,Darrigone
Greta,Castangia
Cary,Wittrington
Norean,Havis
Gray,Thaine
Dorie,Caulcott
Annabell,Haslewood
Caldwell,Crowden
Brit,Wollaston
Wren,Jacquest
Jacqui,Trassler
Clair,De Ath
Dot,Kille
Ethan,Aleksandrikin
Melodie,Serman
Renado,Pelman
Aidan,Acom
Nyssa,Sawrey
Stuart,Haward
Suzann,Parres
Colline,Plumer
Bride,Cheese
Kellina,Dysart
Jenifer,Joskowitz
Aprilette,Kelk
Daron,Riddell
Pall,Echallier
Ulrica,Fuxman
Modesta,Hasty
Quincy,Iltchev
Hillary,Dallan
Nina,Kohneke
Emelia,Balsillie
Bradford,Parris
Dyna,Perassi
Darell,Ca
Mame,Smithen
Carmela,Broxup
Moyna,Elwood
Boone,Gauler
Nikolas,Padwick
Robin,Padwick
Rudolph,Wilhelmy
Fred,Bane
Isidore,Mendes
Baily,Melior
Tremain,Laboune
Frederic,Dettmar
Susette,Boatman
Sigmund,Ayres
Regan,Grigg
Flora,Drains
Maximo,Chanson
Jeno,Baal
Sigfried,Glanert
Chalmers,Plues
Bartram,Tomaszek
Dari,Deevey
Uri,Bladesmith
Gleda,Baldacco
Nicky,Kennerknecht
Hadleigh,Meneghi
Umeko,Benedit
Dallon,Holdworth
Riobard,Treweke
Drona,Polfer
Imojean,Gabbatiss
Mariele,Cowan
Kelcie,Blaxter
Omero,Stokes
Sansone,Cordel
Bonnibelle,Searston
Farrah,Haquard
Orin,Passby
Esme,Martinot
Ricky,Canizares
Ingrid,Feldon
Joycelin,Berks
Bert,Mara
Marabel,Pashba
Mehetabel,Luesley
Alvinia,Choat
Gertrude,Southerell
Thea,Alpin
Delainey,Skeene
Ado,Grimsdike
Nathalia,Staunton
Reinaldos,Garfitt
Rosco,Strickett
Simone,Warder
Rockie,Winward
Ricca,Boards
Orion,Thurlbeck
Alana,Yellep
Cris,Buckwell
Fallon,Peyntue
Frasier,Ilyukhov
Ed,Wind
Ruby,Searle
Megan,Swannie
Jory,Troni
Alix,Jesty
Ardelis,Capron
Darill,Dymond
Claudianus,Chalfant
Lucian,Adamsson
Spenser,Fackrell
Brander,McIndoe
Brittni,Rosenbaum
Marissa,Lindemann
Dun,Renals
Adelice,Mew
Lotte,Miere
Guilbert,Bastone
Lucienne,Calvie
Rosaline,Stiller
Katti,Been
Janella,Siseland
Hamlen,Kondrachenko
Alysia,Iveans
Odell,Gawen
Lisa,Crookshanks
Kristofer,Hellicar
Shoshana,Genney
Zandra,Ailward
Cordell,Murrie
Ethelda,Aupol
Karlotta,Wilsher
Melosa,Hesey
Ernst,Pauletto
Schuyler,Morin
Cooper,Borsay
Guss,O' Timony
Jere,Zorzini
Nert,Stoad
Anabal,Kidsley
Quinton,Ollet
Nealson,Warr
Fanny,Angus
Edie,Maidens
Sansone,Mumm
Harmony,Stroyan
Rebekah,Ivetts
Gilli,Burgisi
Ellette,Bellefant
Haze,Hagstone
Francisco,Jolin
Amaleta,Atchly
Egor,Winchcombe
Nady,Voller
Putnem,O'Hearn
Pandora,Allanby
Allistir,Chiese
Ashlan,Edling
Sean,Lauritsen
Kinna,Tingly
Carlye,Juden
Dare,Habbert
Sukey,Kinde
Halley,Guerreau
Regina,Titchard
Terrijo,Bensusan
Sandye,Liveing
Bernadette,Ellams
Leandra,Bembridge
Lucine,Bleacher
Ernest,Arlt
Linc,Bartley
Christabella,Effemy
Yvette,Jury
Sherrie,Plum
Myrle,Sycamore
Thomasine,Erie
Rosette,Stegers
Scarface,Bastone
Micky,Dickings
Ward,MacAlinden
Pamela,Tunnacliffe
Birgitta,Bromell
Genevieve,McFetrich
Hilarius,Raiman
Phillipe,Eronie
Clementine,Fearick
Oliviero,Klus
Frederique,Bony
Rahal,Zack
Collen,Deacock
Mariette,Watt
Bondie,Lode
Sonnie,Sloan
Nils,Mearing
Wyatan,Kemm
Joye,Dubique
Kellen,D'Aubney
Aloysius,Jeyness
Westbrook,Amoss
Derrik,Glaze
Carmon,Henker
Waring,Tawn
Yorke,Davidson
Morgen,Fere
Heidie,Holtom
Kacie,Corten
Ezekiel,Waring
Denney,Tebbett
Kristy,Dawnay
Juieta,Easman
Dionis,Foddy
Nanni,Emblin
Cherise,Macrow
Hoebart,Deeprose
Ronnie,Kruszelnicki
Garth,Kremer
Gordon,Baily
Hobey,Weeds
Ado,Heinsius
Carney,Frenzel;
Dante,Marklin
Bianka,Camelli
Susannah,Guilloneau
Dannie,Skedge
Emma,Summerson
Cariotta,Halloway
Jon,Shoosmith
Free,Clouston
Paulina,Chattock
Adria,Maciaszczyk
Davina,Grzelak
Rosalia,Laurenson
Natividad,Yve
Brady,Emmatt
Westbrook,Mowatt
Klement,Krochmann
Pepito,Mauchlen
Jillana,McPolin
Barry,Smickle
Kincaid,Gotcliff
Julienne,Birkin
Amii,Pitsall
Rosaline,Elgee
Quill,Ferri
Berne,Sussans
Gweneth,Pregel
Damian,Oiseau
Emmalyn,Withull
Darrin,Birdseye
Trenna,Stratz
Consuelo,Simunek
Aurora,Corbett
King,Pires
Diandra,Perrett
Roxy,Goodwill
Reggi,Wilsdon
Beltran,Paolone
Timoteo,Karolyi
Seth,Watsham
Rafa,Pinnigar
Feodor,Cotesford
Lorry,Leal
Whit,Housam
Nichole,Barthelemy
Colette,Trask
Emilio,Kilrow
Kandace,Hyett
Angelo,Melarkey
Alidia,Coucher
Wylie,Hoyte
Kiley,Goldstein
Arlen,Strapp
Tersina,Rivaland
Lynnet,Habberjam
Rosalinde,Limb
Lolly,Odo
Tarra,Hucker
Vina,Nassey
Goldarina,Tremlett
Farah,Dahill
Garrard,Parsell
Gerry,Culver
Edeline,Meegin
Norry,Gibbon
Alanna,Underhill
Chrisse,McMurrugh
Windy,Kmicicki
Grover,Stockton
Raynell,Boland
Erin,Wardale
Emily,Paton
Darn,Robbey
Joanna,Gosforth
Quincey,Carlon
Freeman,Puttock
Roseann,Landon
Marje,Stallwood
Birk,Woodrup
Esme,Pimm
Theadora,McCrone
Lexi,Corrin
Noe,Geldeford
Kaye,Ciciotti
Lebbie,Vardon
Tamera,Wisson
Klaus,Gulland
Winny,Beazer
Missie,Astling
Gianina,Echelle
Rodrick,Bowland
Philippa,Ascroft
Jemmy,Hundall
Kaja,Tawton
Courtney,Mewburn
Gabriella,Gaymar
Maggie,Gegg
Lorianna,Habens
Millicent,Crampsey
Hank,Dungey
Urban,De Mitri
Brian,Torbeck
Norri,Treasure
Lucio,Stiles
Emera,Poll
Anthony,Crossby
Killie,Fright
Ethelred,De Fraine
Carmelia,Keaton
Sammie,Samper
Jaymee,Kirsche
Analise,Braunes
Timothea,Riep
Artair,Partleton
Rebecca,Steddall
Benjie,Merriment
Yvonne,Heineken
Aymer,Clayborn
Janaye,Childe
Mag,Swatman
Kile,Schlagh
Dukey,Dubbin
Tiphanie,Sandifer
Lizabeth,Allchin
Haleigh,Jardin
Maddie,Carmont
Gennie,Mathevet
Korrie,Scandrite
Flynn,Wakelin
Devonne,Bunyard
Gregorius,Pettiward
Mignonne,Eldin
Sarene,Roubottom
Corrie,Kimmons
Alvira,Boustead
Durward,Simunek
Gretchen,Natte
Thorndike,Gimert
Zita,Echelle
Marco,Lineker
Maure,Mish
Therese,Danilyak
Davin,Sandy
Franzen,Kenworth
Herschel,Giacomo
Emilio,Boscher
Hal,Tidbald
Wolfy,Mowen
Scottie,Hansell
Dulcine,Akester
Dory,Harbinson
Karlotta,McQuorkell
Burt,Goshawk
Gerianna,McPhilip
Homer,Bill
Perice,Pallent
Marlon,Polleye
Birk,Batty
Marya,Coatsworth
Austina,Dwelley
Cammi,Ingolotti
Kin,Guyonnet
Edithe,Climar
Urbanus,Hickisson
Damian,Oret
Melli,Fynan
Briney,Poizer
Allianora,Grossier
Doug,Wrenn
Basile,Sturm
Cinderella,Holyland
Ralph,Garbert
Prissie,Schoenleiter
Moritz,Fehely
Alexandrina,Starton
Melli,Shenton
Gunar,Bedell
Phylys,Skelington
Fleurette,Hitzke
Guy,Dilon
Andres,Rafter
Staci,Lasham
Sullivan,Ruste
Carolynn,Spatoni
Suzi,Dwine
Rutter,Philliskirk
Devina,Greenman
Datha,Sains
Amalea,Dunderdale
Lelah,Dilger
Sara-ann,Cuzen
Ilene,Decruse
Phyllis,Tither
Lari,Studart
Geordie,Tomasicchio
Christel,Elcock
Sayre,Brendel
Wolfgang,Jurgenson
Dede,Cadany
Pandora,Christofides
Way,Shanks
Nikoletta,Geertz
Zorah,Wynch
Cassandry,Raspison
Delano,Trosdall
Tadd,Magrannell
Neal,Barnes
Flin,Andrivot
Howey,Exrol
Teddie,Eke
Obie,Brignell
Adele,Drakard
Scarface,Cranton
Lorie,Hovel
Josee,Grogan
Clem,Durbyn
Conway,Prior
Harris,Caslane
Gertruda,Callum
Robenia,Briggdale
Jessee,Clinton
Nolie,O'Donnell
Bonnibelle,Semour
Aubrey,D'Onise
Rancell,Fuster
Keslie,Tutchener
Tish,Wicklen
Vivia,Champagne
Spike,Petrolli
Minnnie,Gainsborough
Hamel,Cator
Regine,Storcke
Peadar,Jerzak
Jenine,Sharrocks
Dov,Maciejak
Delcine,Dandison
Alexa,Pestor
Leeland,Retallack
Dunstan,Merman
Nannette,Escalante
Bethany,Longhorn
Carl,Mateja
Lawrence,Skyrm
Donal,Logie
Phillipp,Gouch
Deborah,Josefer
Lorette,Aucott
Abie,LaBastida
Gillie,Lancett
Chaddie,Reichartz
Klement,Hryncewicz
Randene,Tapton
Tristan,Vittery
Ardenia,Klemps
Nolan,Godlip
Renado,Peabody
Walsh,Brunning
Ebba,Widdowfield
Elfrieda,Pedgrift
Gayle,Hankins
Elsi,Acory
Price,Minards
Burton,Edmed
Gordie,Bertholin
Glennie,Tupie
Pattie,Bellsham
Elvis,Brakespear
Harlen,Tratton
Emilee,Seakes
Manolo,Andrew
Farlay,Doughty
Jefferson,Cannell
Creighton,Stranio
Tiphanie,MacDonell
Van,Dedam
Karyl,Crosby
Darius,Whitehead
Simeon,Paddefield
Corney,Teaser
Barnabe,Sawtell
Gwennie,Armitage
Angelita,Eannetta
Amalee,Durtnel
Halette,Faireclough
Eolande,Ginley
Kaylee,Edgworth
Gerrie,Greetham
Ebenezer,Gorioli
Cheston,Gammel
Price,Ion
Nehemiah,Furse
Zacharias,Naismith
Standford,Houchen
Ring,Pratchett
Myrtia,Batchelour
Becky,Sothcott
Efren,Blaker
Melisa,Reeken
Ward,Josephi
Wilhelmina,Hatcher
Bucky,Alker
Sydney,Ableson
Stefa,Ruppertz
Gardener,Poole
Cecily,Falla
Cecily,McKendo
Skippy,Jeannet
Margarete,Halligan
Olivier,Ludy
Nady,Donnel
Eleonora,Jull
Fawne,Kuscha
Cheryl,Bumby
Delainey,Entreis
Delmar,Carhart
Mersey,Gullivan
Raimundo,Prys
Jemie,Holt
Humphrey,Hauger
Itch,Klausewitz
Annetta,Sheehan
Derick,Acreman
Bessy,Leaman
Herrick,Liddyard
Clemmie,Denisovich
Hirsch,Sutton
Bonnibelle,Doodney
Ally,Watkin
Monte,Seal
Reuben,Tremoille
Joel,Crellin
Marisa,MacCafferky
Mill,Brands
Demetri,Scruton
Lanny,McNair
Sabra,Hefforde
Welch,Atty
Gayleen,Pedler
Olenolin,McSperron
Amity,Iapico
Terrill,Geill
Rosita,Terbrugge
Tony,Guard
Rayner,Liebrecht
Phylys,Hamsson
Mikel,Risom
Maryanna,Crich
Rafaela,Facey
Tomasina,Stark
Lindie,Oxton
Nial,Arendsen
Orelee,Allpress
Franchot,Drivers
Alard,Strathearn
Ingrid,Nares
Alanson,Reveland
Hillery,Belliss
Shawn,Georgelin
Thayne,Rousel
Obadiah,Baldree
Veradis,Shortin
Rosana,Proudley
Phyllis,Mewitt
Nydia,Hallad
Brit,Haddington
Frederic,Giovanazzi
Rennie,Oiseau
Kathi,Starbuck
Kelly,Watkiss
Wenda,Kerrich
Yovonnda,Belward
Teresina,Burlay
Carver,Alfonsini
Vivyanne,Pasticznyk
Nannette,Jirak
Asia,Falk
Tracie,Curwood
Kristin,Northedge
Sebastiano,Wycliffe
Golda,Hallworth
Karrie,Duckerin
Ramsay,Levane
Bettye,Normanton
Burty,Clymer
Elnar,Riddeough
Cyb,Spincks
Cher,Bletsor
Aggi,Randals
Rudd,Tonnesen
Wilton,Rontree
Jan,Beckmann
Shayne,Pizey
Dewain,Rittelmeyer
Fania,Butland
Tanya,Daughtery
Jennifer,Hallaways
Etti,McCoy
Allyce,How to preserve
Gabriel,Van den Dael
Hal,Felipe
Maxine,Cato
Elyssa,Murthwaite
Dayle,Emmins
Lissi,Ragbourne
Joyan,Summerlie
Sheela,How
Lilyan,Readwood
Nanon,Bleackly
Abbi,Gradly
Mendie,Fishbourn
Tiffanie,Sancias
Harlen,Battany
Iorgos,Axtonne
Norry,Graveney
Cristen,Rosellini
Maryrose,Walley
Ally,Crusham
Kania,Exelby
Lefty,Skip
Lothaire,O'Carrol
Harriot,Stoute
Farrah,Lackner
Moll,Bichener
Maryann,Kaliszewski
Rudie,Pimm
Perceval,Eplett
Torey,Franck
Aksel,Mulroy
Hadley,Sollett
Martica,Gleaves
Arlee,Fawlo
Johnathan,Driver
Theresa,MacGragh
Colette,Cramer
Erminia,Liggens
Ernestus,Thurby
Royall,Napier
Chevalier,Govini
Alvin,Vigne
Gusti,Fransinelli
Grethel,Sherborne
Raimondo,Staddom
Giselbert,Honywill
Asa,Byng
Shawn,Gudgion
Annadiane,Margetson
Bree,Bestman
Gayle,Uren
Gibb,Sumner
Floyd,Stanislaw
Randi,Gaffer
Petronia,Flobert
Dagny,Langthorn
Kelila,Hall
Sidonia,Muckley
Netti,Barabisch
Lindsay,Ashmole
Myrta,Culbard
Billy,Clewley
Ernest,Mackerness
Ozzy,Keary
Abby,Cotes
Germaine,Sille
Hilde,Haverson
Ebenezer,Hampshaw
Hildegaard,Dasent
Helen-elizabeth,Fullegar
Doreen,Andrichuk
Jillana,Drexel
Cynthea,Bafford
Morgun,McDonagh
Felicity,Morlon
Tony,Matus
Elwyn,Tebbitt
Sollie,Ackerman
Lonna,Kintish
Ashlan,Kubiczek
Carl,Barnes
Roxy,Larby
Ferris,Farnaby
Damon,Lunt
Rudie,Balding
Boycie,Jess
Deborah,Eplett
Elberta,Bolt
Orelle,Fronczak
Averill,Mountain
Quinton,Rieger
Alexina,Korn
Phil,Cresswell
Merilyn,Guys
Maxie,Jehaes
Jephthah,Lindstrom
Akim,Lepoidevin
Josephine,Torbard
Johny,Stammers
Lucio,McAuliffe
Loretta,Ellsworthe
Tonia,Seifert
Pen,Newlove
Trace,Ruos
Katharyn,Creeghan
Earlie,Aymes
Dulcine,Roskeilly
Derward,Rathbone
Kiel,Roycroft
Woodie,Cankett
Malynda,Teek
Shoshanna,Lownds
Alvie,Kemshell
Park,Yexley
Sonny,Fulton
Chick,Matyushonok
Yorgos,Barabich
Sophey,Heaffey
Shaine,Grahame
Callida,Smorthit
Dinny,Autie
Murdoch,Cockaday
Butch,Lorenzetti
Isobel,Tyne
Waring,Spong
Scarlett,Ciccerale
Martyn,Haverson
Darren,Kemp
Shelbi,Whardley
Charmane,Redshaw
Henrik,Heinsh
Doll,Lovick
Karrie,Berzins
Claudian,Cottis
Lovell,Bundey
Talbert,Succamore
Malissia,Thaxton
Steffen,Westcott
Marietta,Scotson
Dorolisa,Holley
Ange,Strute
Jannel,Patten
Sigismondo,Fawdry
Lenna,Toone
Persis,Sarver
Diena,Scourfield
Orson,MacAlinden
Rusty,Finders
Denys,Vousden
Felicia,Batcheldor
Carlye,Castle
Lora,Cominetti
Loise,Coldwell
Evangeline,Ramm
Thaxter,Calladine
Marchall,Corradi
Max,Ravenscraft
Phineas,Yegorev
Marcie,Loncaster
Daphene,Crotch
Garv,Duffree
Paulita,Rahl
Allister,Dukesbury
Christin,Gathercole
Julissa,Canet
Chuck,Francello
Perl,Davidavidovics
Caria,Torre
Justinian,Cicullo
Mamie,Whittock
Almeria,Manketell
Bruce,Upjohn
Ebba,Newbury
Emery,Bartolomeoni
Gwynne,Cawthery
Emma,Harniman
Carlita,Embra
Kirsti,Hellin
Abby,Huitson
Mattie,Haylock
Joshuah,Wylie
Mattie,Andrew
Todd,Meugens
Griffin,Eliez
Phoebe,Grizard
Norton,Marquand
Romy,Abrashkin
Jonis,Bessey
Pinchas,Leavold
Titus,Boich
Say,Breach
Cornall,Dionis
Spike,Opfer
Magnum,Jado
Gideon,Casazza
Pennie,Pawlata
Gerick,Reddick
Eolande,Hegley
Turner,Bayless
Audrye,Dunckley
Ingunna,Willder
Amalea,Kirman
Thoma,Creaven
Terri-jo,Wenham
Gabbie,Chadbourne
Karol,Traynor
Torrey,Crollman
Lolly,Sankey
Kerry,Kroll
Ashton,Farland
Brenden,Veschambre
Richardo,Liddell
Alaine,Pudden
Evvie,Elliff
Erny,Elleray
Colly,Orro
Lise,Seston
Carlita,Eicheler
Timi,Davenhill
Aurore,Maltman
Clerc,Diano
Coleman,Stronghill
Ashley,Lacy
Lynn,Witling
Katuscha,Thorneywork
Pippy,Baverstock
Sylvan,Barnfather
Virginie,Edmeades
Kirbee,Salzberger
Merv,Kidston
Shelton,Varns
Gothart,Mully
Shane,Hills
Orelee,Avrahamoff
Nevin,Prattington
Sholom,Calvert
Dale,Kemish
Beverly,Upham
Issie,Milington
Fidelio,Daniell
Saloma,Hawksley
Eduino,Minshaw
Beatrisa,Padden
Mort,Edmand
Adaline,Trowler
Bathsheba,Donisi
Byrann,Meriet
Gerard,Di Dello
Ellyn,Flade
Benetta,Rodbourne
Rori,Wrist
Prentiss,Goldster
Egan,Caveau
Marybeth,Steers
Perri,Bawden
Nat,Glading
Even,Hardwin
Jefferey,Thairs
Letisha,Manie
Lenore,Haken
Bar,Dumper
Kimberli,Bummfrey
Bess,Lynes
Constantine,Cargenven
Edy,Rooson
Sophronia,Fearnyhough
Lenna,Fiddler
Blanche,Bergen
Sammy,Blankett
Zondra,Edinburgh
Vergil,Roggerone
Gerrilee,Mastrantone
Brita,Antushev
Lennie,Mounch
Nert,Crowche
Nevil,Don
Rozalie,Duckerin
Saul,McLemon
Luz,Drinkel
Colleen,Dauby
Gretal,Aulds
Heddie,Culvey
Cory,Bonsul
Johna,Kloisner
Betsy,Finnes
Roxane,Polye
Kessiah,Ruzek
Kliment,Probart
Westbrooke,Pratt
Karoly,McGrane
Florina,Ockwell
Melanie,Senten
Barde,Jachtym
Arne,Digman
Charmian,Fabler
Jannelle,Hudless
Haley,Alden
Seymour,McHale
Mariette,Richel
Nani,Pauleau
Marchelle,Woolrich
Meryl,Downer
Karl,Drake
Amil,Tunnoch
Loree,Lambarth
Brook,Bobasch
Hattie,Schaffel
Ursula,Fawltey
Adan,Edser
Aurel,Dyter
Shelden,Langhor
Claudia,Trynor
Cherin,Flaws
Celestyna,Fleming
Eal,Gentner
Eugenie,Tribell
Wyndham,McBeith
Lexine,Shortan
Rossie,Staker
Ardine,Blurton
William,Reddish
Lyndsey,Twining
Irvin,Legan
Clement,Latour
Desmond,Pinwell
Riva,Brolan
Monroe,Archbould
Hanny,Hotchkin
Val,Crosskell
Wendeline,Brookes
Lorrie,Snailham
Oliver,Tregidgo
Eachelle,Drieu
Opalina,Grogan
Hyman,Smithies
Shaine,Jandl
Byrom,Prestedge
Ashely,Coulson
Min,Smogur
Charline,Hastie
Gardiner,Duplain
Barbe,Antonetti
Edward,Lebond
Cari,Orrum
Ramsey,Alvarado
Ann,Keese
Chloe,Bischop
Eleanore,Tothe
Hyacinthe,Caban
Lilias,Braybrook
Mufi,Aldwick
Cassie,Milne
Nicholas,Lockyer
Gibby,Jarrel
Cecilio,Renbold
Gussie,Lenz
Cindee,Heaven
Hulda,Goacher
Joelle,Limbourne
Elia,Gladding
Demott,Jarmain
Lotte,Measey
Everett,Breffit
Odele,Beenham
Darryl,Astell
Blinni,Girdlestone
Madlen,Treby
Moise,Erik
Von,Noni
Leonie,McCleverty
Elsey,Ellissen
Archibold,Swannick
Agata,Blondin
Marlyn,McArdle
Sherry,McGlynn
Lancelot,Ticehurst
Sloan,Antonietti
Ashby,McCraine
Karlyn,Cunio
Kippie,Mapledorum
Virge,Shere
Betsy,Shannon
Karel,Sandbach
Cordie,Tongs
Janette,Ghidoni
Crystal,Marlin
Giana,Woodroof
Albina,Ritchman
Ravi,Preist
Joni,Benedettini
Stanleigh,Domenge
Gracia,Bryce
Burch,Raund
Tracie,Baldacco
Jock,Lorenzetto
Hadley,Sabatini
Georgeanna,Konig
Clayson,Kamien
Jacintha,Harlow
Galen,Hanes
Creight,Drinan
Baillie,Autrie
Valenka,Swash
Alysia,Beaulieu
Hubie,L' Anglois
Stavros,Urien
Merridie,Frowing
Nicola,Filisov
Natty,Magister
Susan,Wigan
Matthias,Emps
Yoshiko,Kybird
Burl,Gianullo
Hewe,Havile
Sibilla,Dunbleton
Lowe,Groves
Heywood,Ells
Christopher,Offner
Irving,Gascoyne
Jimmie,De Brett
Alysa,Netley
Taite,Kiledal
Jan,Hulk
Reinwald,McReynolds
Chrystel,Campion
Jedd,Buzza
Alysia,Spours
Saloma,Gannon
Karil,Cocking
Hilary,Brackenridge
Saundra,Attard
Danni,Lace
Bryant,Luckhurst
Kellen,Fassbender
Gwendolyn,Matej
Jannel,Tingle
Ursula,Rozet
Ado,Vlach
Giavani,Hubble
Tersina,Dahle
Maiga,Mahomet
Juieta,Ferrettino
Frank,Billin
Gar,Tellenbrok
Venus,Pavlitschek
Louise,Astley
Marina,Roja
Melita,Lavender
Eydie,Foote
Marcelo,Kitman
Claretta,Catherick
Ilaire,Baverstock
Neall,Gundrey
Babbie,Jest
Karoly,Fairfoull
Eben,Dosedale
Gretchen,Boyn
Rey,Oliveti
Gertrude,Farman
Lanny,Ferriere
Gibby,Sture
Bev,Danford
Vickie,Saddler
Juditha,Blanc
Scottie,Arrault
Yurik,Hully
Ashley,Luther
Federico,Gaythwaite
Corny,Waldrum
Rea,Reubens
Issiah,Arlidge
Coraline,Kochel
Karin,Stife
Thornie,Jina
Melodie,McCarthy
Ivy,Crosfield
Jennine,Point
Simonne,Haggarth
Byrom,Rennick
Genna,Danilchev
Elva,Stouther
Benedicta,Wildsmith
Andre,Prevost
Kalie,Schimon
Elton,Gallamore
Piper,Bollins
Brnaby,Bracken
Ogden,Tillard
Kendra,Roberti
Kym,MacAlpin
Denver,Gamage
Krystalle,Flagg
Leah,Harper
Omero,Pudsey
Winnie,Covelle
Gertruda,Jude
Wayland,Widger
Jeri,Philipp
Halie,Weildish
Charin,Baltzar
Laurette,Artingstall
Thornie,O'Dennehy
Deirdre,Fairfoot
Kennan,Taplow
Yovonnda,Treker
Marybelle,Tichelaar
Zedekiah,Elks
Gannie,Burchard
Beverlie,Waszczyk
Etta,Grimbleby
Leontyne,Fairham
Sigfrid,Bennen
Gilburt,Teanby
Ruddie,Crudgington
Mitzi,Goroni
Forbes,Brimman
Mona,Mogg
Dalton,Grocott
Rosalie,De Malchar
Shani,Spyvye
Orrin,Stoak
Ursula,Slimon
Trumaine,Fargie
Georgi,Walters
Winnie,Davinet
Talia,Roth
Winnie,Legg
Brooke,Edgerley
Cordy,Bauckham
Auberon,Sidle
Link,McFadden
Constancy,Scarborough
York,Rabley
Kiah,Gilkison
Megen,Chisnell
Merwin,De Mattia
Rice,Ibel
Damian,Blue
Lucine,Paulson
Tracey,Scneider
Nickolai,Heald
Cindelyn,Mattisssen
Beverly,Ledeker
Godard,Rudyard
Duke,Sones
Arlen,Paumier
Tuesday,Cyples
Grant,Stedson
Karole,Pauer
Abigail,Yanne
Domeniga,Libbey
Dick,Grisard
Mirelle,Oak
Joby,Slatter
Hanson,Bransom
Faber,Hollyman
Reade,Charlton
Loy,Noore
Terri,Americi
Von,Beeble
Antonetta,Guidotti
Cullan,Maffiotti
Sandy,Winyard
Hildegarde,Perel
Sargent,Millwall
Gusella,Janoch
Rebekkah,Benger
Cairistiona,Dey
Timothee,Stayt
Edgardo,Illing
Ariadne,Shortland
Mavis,Philliphs
Valerie,Oby
Allard,Dafter
Prudence,Challener
Adel,Dohmer
Jacob,Dunge
Sibby,Orgee
Pris,Pembridge
Christoph,Shorthouse
Andrea,Gasken
Leyla,Cockroft
Marketa,Sitlington
Rayner,Filipovic
Maren,Kynder
Janeen,Meeks
April,Petteford
Bald,Batchelar
Felice,Biskupski
Edie,Romayne
Nona,Pandya
Judd,Sanson
Nelly,Ramos
Boyd,Cubbin
Ettore,Dalgarnowch
Tudor,Burrass
Shelley,Walaron
Stanislaus,Rolingson
Ron,McAviy
Mano,Shipton
Shelly,Oldroyd
Franklyn,Trenchard
Jefferson,Foulis
Cloris,Guerrero
Raul,Tankard
Jaime,Bruyns
Rodger,Heatlie
Antonina,Kender
Bertie,Lyte
Cheston,Woehler
Dante,Cuncliffe
Devinne,Livings
Maitilde,Aldwinckle
Arabella,Ferreres
Darcy,Crowcher
Theo,Shinefield
Donica,Hallstone
Fiorenze,Hallas
Jonis,Routley
Matty,Blackford
Alphonso,Harder
Danyelle,Gandar
Arvie,Brash
Jessika,Ellaway
Quent,Gawthorpe
Irena,Girardin
Letitia,Cavet
Wendell,Belli
Francene,Haws
Linn,Sweatland
Curr,Lannen
Gail,Cowgill
Jo-ann,Ettridge
Eddi,Kleint
Gisela,Trew
Hamish,Bing
Carolyne,Talloe
Burch,Canape
Teddy,Dunbleton
Arny,Gimert
Lanni,Drane
Libbi,Chavez
Moreen,Danbi
Elysia,Paddemore
Jacques,Bennion
Kathi,Bottrell
Estrellita,Softley
Sunshine,Groundwator
Phil,Douse
Hendrik,Dearlove
Artur,Trevorrow
Ellis,Threadgill
Felicdad,Ogilvy
Petey,Patrickson
Etienne,Consadine
Carlotta,Jedras
Matthus,Liddiard
Korney,McFee
Mick,Rentalll
Ula,Shieber
Camel,Ulyet
Florri,Champagne
Kincaid,Veck
Albertina,Yarn
Emmeline,Barrowcliffe
Coriss,Spini
Ransom,Velti
Glenda,Balshaw
Stafani,Hubble
Lay,Surby
Royal,Linne
Adena,Palke
Sabine,Philippart
Jarret,Bougourd
Geri,MacGraith
Franky,Syseland
Nari,Endean
Philipa,Willingam
Odille,Dykes
Ethelred,Proom
Tibold,Kupisz
Warren,Cribbott
Lila,Vedstra
Cy,Bucky
Consuelo,Felgate
Oneida,Braunston
Pietro,Cunningham
Neal,Lampitt
Fernanda,Reid
Kerstin,Bartke
Caria,Gowans
Eli,MacGowing
Dehlia,Soldner
Goran,Monketon
Carol,Manchett
Margeaux,Routley
Ambros,Lewing
Laurella,Odney
Hurley,Cottier
Annemarie,Kleeman
Cammy,Heffron
Raimundo,Sykes
Allan,Rockliffe
Marita,Rosel
Amabel,Compton
Guendolen,Keene
Albert,Noye
Bertie,MacGuffog
Colman,Billingham
Josh,Thorington
Felipe,Penton
Yancy,Mears
Rodolfo,Le Marchand
Lonee,McElroy
Symon,Plummer
Sebastiano,O'Dennehy
Rosabelle,Crocetto
Estell,Samuels
Albertina,McVie
Caroline,Nerheny
Iago,Ousbie
Lucais,Ionesco
Even,Czyz
Cymbre,Randell
Jacinthe,Groundwator
Clemens,Viney
Modestine,Huskinson
Aryn,De Bruijne
Titus,Theodore
Whittaker,Farr
Meade,Applegarth
Lissy,Figgen
Aggi,Megroff
Audi,Dunican
Stepha,Tydd
Carver,Dumpleton
Basilio,Shadrach
Aliza,Arniz
Matt,Craigheid
Charlotta,Sumbler
Humbert,Verdey
Lorne,Boorn
Maximilian,Partrick
Collie,Challace
Elvin,Posner
Jacky,Spiteri
Selby,Chalcroft
Lorin,Kubczak
Solly,Troth
Evanne,Whacket
Donny,Strange
Emmery,Handman
Hillard,Hundley
Reamonn,Scholcroft
Virginie,Donson
Inez,Gajewski
Augustina,Veare
Audrey,Dumberell
Alexandre,Kelston
Fanechka,Learie
Hadrian,Greensall
Shanta,Alwin
Gillie,Petican
Sukey,Slyne
Dorree,Craiker
Bathsheba,Spincks
Vere,Crowche
Marcellina,Moncreif
Annamaria,Carlon
Abdel,Tarbath
Myca,Ramsby
Kimbell,Steven
Lanae,Neicho
Elwin,Wheowall
Cori,Bruyns
Bartholemy,Grainger
Odelle,Barlas
Jolynn,Basek
Myrtle,Impey
Nelli,Baynam
Shelby,Mariel
Wallis,Mundy
Sharia,Bennellick
Albertina,Mateescu
Lynde,Dunley
Stormy,Miche
Chery,Vairow
Lind,Cudworth
Umberto,Sheekey
Augusto,Graysmark
Heath,Scholar
Sheilah,Jeste
Tyne,Birdsall
Davie,Trudgian
Benedick,Sans
Bogart,Tunnick
Robinson,Langmaid
Aristotle,Terrey
Elysia,Duxfield
Shea,Antram
Joane,Zack
Kelci,Tiffany
Allsun,Millmoe
Fidelia,Stoke
Seana,Gillis
Stillmann,Cyster
Carolin,Rowantree
Dallas,Dumper
Janella,McCaskill
Mendie,Lahiff
Karry,Starbucke
Cornelia,Bowcock
Joleen,Simonnin
Daisey,Morgan
Bryna,Houndesome
Fulvia,Walthall
Tannie,Bezemer
Mellie,Old
Krishnah,Grieger
Marja,Chopping
Nyssa,Clacey
Eadmund,Tingcomb
Nancee,Lamberton
Kristin,Tumpane
Dode,Stannard
Correy,Vlasenkov
Jacobo,Kleinplatz
Godfree,Dust
Catlee,Giovani
Gale,Garbutt
Con,Yakolev
Bren,Ather
Stanislaw,Pembridge
Yorke,Arnason
Idalina,Cisland
Griselda,Extill
Marget,Bunston
Tally,Leipoldt
Aridatha,Bradnum
James,Borge
Helga,Leborgne
Gaultiero,Stanluck
Isabeau,Kalkhoven
Roddie,O'Fallon
Gasparo,Paskins
Marshall,Bellingham
Brandea,MacGuffog
Renie,Joyce
Rosalind,Pacheco
Ulysses,Mitskevich
Gayleen,Kinnin
Siusan,Bergen
Anneliese,Adamides
Novelia,Bengtsson
Mireille,Bassilashvili
Saunder,Kleinstein
Pattie,Duplock
Wynn,Schollick
Tamar,Mallion
Sarine,Prince
Tabina,Swafield
Kylynn,Smaling
Edee,Neggrini
Hollyanne,Prosh
Wakefield,Baylis
Isabelle,Antonowicz
Luther,Maben
Celestyn,Opy
Lane,Nesey
Dorthy,Mayo
Waly,Eddisford
Bernardina,Swale
Bridgette,Glenny
Emelen,Valasek
Faythe,Albasiny
Jayson,Perrigo
Gunar,Geator
Demetris,Hast
Wendel,Stennet
Vidovic,Broschek
Alidia,Deviney
Dedra,Sallows
Mommy,Arons
Vinnie,Wilkerson
Avram,Cleife
Emlynn,Aucock
Dell,Commins
Laurie,Mabbett
Normand,Lansdown
Cordell,Aronov
Byrom,Peterson
Gianina,Crudge
Cirilo,Ferrettino
Joice,Collinson
Arly,Presshaugh
Estell,Demare
Sharla,Hince
Georgetta,Giacomuzzi
Sawyer,Kelmere
Esmaria,Macourek
Stephannie,Frankland
Nichole,Sapena
Jany,Nisard
Aloysia,Rapo
Shelbi,Rubinfajn
Nobe,Lamkin
Bret,Saltman
Davidde,Harce
Gardiner,Bissatt
Livia,Figger
Ennis,Stobbie
Stirling,McGlashan
Nanete,Huckel
Daisey,Palley
Caroline,Nation
Sabra,Ruslinge
Dinny,Gully
Fulvia,Skrine
Hamish,Medford
Christy,Higford
Normand,Cadden
Reinaldo,Poor
Sandi,Snap
Silva,Paddon
Frankie,Rohlfs
Harriet,Hubbucke
Rozalin,Ohrtmann
Chloette,Niles
Cicily,Bernat
Nowell,Attenburrow
Sutherland,Bever
Valida,Beseke
Paula,Lamminam
Lem,Dunbobbin
Bruno,Youles
Corinne,Wehden
Arel,Sonner
Archaimbaud,Langstaff
Thatch,Gremane
Tyne,Possel
Harlan,Meineken
Benedicto,Sopp
Allx,Costy
Lin,Phetteplace
Samuel,Chidzoy
Putnam,Olner
Nickolaus,Domenici
Thibaud,Tiler
Kittie,Broseke
Sherilyn,Treadwell
Cornelia,Labuschagne
Kesley,Fusedale
Stillman,Tunder
Bridget,Gloves
Byrom,Escudier
Tillie,Philbrook
Troy,Cuel
Dwight,Burgoin
Lindon,Battson
Rhys,Chillistone
Annabel,Jaulme
Rafferty,Andreutti
Stella,Guidera
Wesley,Dentith
Mag,Kerwin
Amata,Jouannisson
Josefina,O'Shaughnessy
Alvan,Barbara
Valery,Bartalini
Dorene,Edgerly
Issy,Confait
Kaitlyn,Lown
Gilbertina,Halt
Jamaal,Pieroni
Dru,Faunch
Mela,Taylder
Dorthea,Slyne
Lucienne,Elvins
Claudianus,Snasel
Cecil,Thurlbeck
Bobbe,Brindley
Dominique,Ghiriardelli
Herc,Kundt
Finley,Ellse
Orran,Krier
Dian,Shillington
Fin,Shaul
Romola,Free
Rhody,Lace
Merwyn,Hantusch
Joela,Colafate
Berna,Ruddom
Paten,Boscher
Antonetta,O'Lynn
Nona,Fatharly
Cesya,Merigon
Edgar,Ansell
Winnifred,Bolesworth
Murielle,Condit
Milty,MacGibbon
Garret,Levens
Ardelia,Gilhouley
Rhoda,Shankland
Hyacintha,Blades
Fayina,Heigold
Claudelle,Shurman
Larry,Heardman
Billie,Armsby
Becky,Pedrocchi
Teresina,Gallichan
Sandi,D'Hooghe
Vincent,Sandwith
Thom,Bowe
Amil,Mourant
Blake,Kiernan
Emery,Wingar
Baxie,Starcks
Harley,Hardan
Ernest,Carstairs
Jessica,Judron
Rolph,Ramberg
Roz,Alp
Malanie,Donohue
Alyda,Tubb
Murvyn,Issard
Farrel,Lynds
Rici,Duester
Tiphany,Pickworth
Marni,Melan
Thorin,Roocroft
Berti,Parkin
Ingrim,Hickenbottom
Susi,Reeme
Nikolos,Witsey
Eydie,Brothers
Ericka,Boughtflower
Beau,Harty
Deanne,Yurkov
Ella,Moubray
Abran,Wiggett
Gustave,Avrahm
Katalin,Alkin
Carmen,Simononsky
Tammy,Ourtic
Elvera,Dowsey
Terza,Furmonger
Sterne,Machon
Wileen,Beckson
Pier,Houlaghan
Maximilianus,Myrkus
Christophe,Meneo
Rog,Chrishop
Stephenie,Gerwood
Krispin,Corser
Gonzales,Woollard
Mag,Towsie
Averell,Graysmark
Malena,Spavins
Harmonia,Rosenbloom
Carolynn,Turbefield
Avrit,Cassie
Padraig,Gorstidge
Terri,Rangell
Isis,Codd
Barnebas,Silverthorne
Lowell,Stanett
Roderick,Thorbon
Daron,Rablen
Cathrine,Mussared
Merill,Screach
Malynda,Freiberg
Gualterio,Biss
Rhiamon,Cutting
Loralyn,Rivalant
Roy,Edling
Kimberly,Jakaway
Gertruda,Sextone
Grant,Stadden
Zahara,Jeaves
Gene,MacNucator
Livvyy,MacManus
Heidie,Thickett
Annecorinne,Speers
Alejandrina,Davidavidovics
Darin,Singh
Yolane,Knoble
Corny,Dumblton
Heloise,Soars
Jody,Deave
Devondra,Dufour
Anabel,McCoole
Filip,Rodolf
Valera,Wyles
Carlen,Elcock
Mohandis,Treadaway
Winna,Haliburton
Emmie,Pimlett
Teddie,Jugging
Andie,Peter
Kenton,Gallaway
Teodoro,Dracksford
Marylinda,Kleinstein
Martin,Tully
Florri,Petrol
Barbette,Tournay
Leodora,Kimble
Wakefield,Hankin
Binky,Bobasch
Marlena,Shaylor
Ezra,Tuddall
Pasquale,Scaice
Harris,Mustoe
Herculie,Ruthen
Kesley,Camp
Leora,Franceschi
Derrik,Longbottom
Joseph,Duer
Christian,Jacks
Delmer,Smye
Mora,Songer
Yasmeen,Mulvy
Eimile,Uttridge
Skip,Moquin
Esme,Marishenko
Loreen,Murtell
Mathilda,Fieller
Angelina,Kemble
Bertie,Guido
Seamus,Louch
Valentin,Pessold
Che,Menault
Nettle,Dadson
Janos,Campa
Ignazio,Fearnill
Ophelie,Cottie
Adelina,Burdikin
Laurie,Resun
Margaretha,Doogood
Phylys,Zannolli
Amerigo,Ambrosetti
Sonny,Rickell
Gayla,Niesegen
Pietra,Elliman
Esma,Farra
Hedvig,Tafani
Sande,McPartling
Clerc,Devey
Robina,Fishley
Maxie,Attoe
Kit,Minerdo
Willyt,Gledhall
Brittaney,Dykins
Thorsten,Skeel
Blondelle,Lampet
Wit,Gullick
Monte,Duiguid
Hillary,Barkley
Terrel,Bachelor
Tamera,Bulleyn
Beryl,Abad
Fifi,Callen
Christiano,Pleager
Candi,Sommerly
Tirrell,Breward
Rafaello,Wooler
Robbi,Spellessy
Grove,Goucher
Charisse,Perone
Jeddy,Kid
Dukey,Rendle
Bunny,Peterffy
Cayla,Feldhorn
Minnaminnie,Bustard
Harris,Farrington
Ari,Liell
Mauricio,Albany
Duncan,Throssell
Adi,Ferrey
Aland,Adshed
Miof mela,Colquete
Ermina,Loynes
Anabal,Daglish
Isadora,Stares
Aldric,Vedekhov
Jennette,Clorley
Jordanna,Michiel
Hill,Fountian
Sander,Eddison
Luciana,Childes
Derron,Lyddon
Kasey,Brockington
Min,Abendroth
Jason,Mucklestone
Consuelo,Larmor
Linda,McLukie
Shauna,Blue
Jackie,Jiracek
Jeanine,Luppitt
Gillan,Angelo
Karl,Martinat
Kean,Strauss
Elisa,Crowter
Mitch,MacCauley
Easter,Doncom
Archaimbaud,Cavet
Raymund,Rubinsohn
Jandy,Edney
Todd,Lisciandri
Aile,Pellamont
Urson,Kamiyama
Chad,People
Clifford,Cheyenne
Lonnie,Duling
Leo,Wyrall
Oswald,Eastcott
Saw,Sorrell
Phylys,Lowthian
Felisha,MacGorrie
Nikolai,Lloyds
Catarina,Dyson
De,Parfitt
Tobe,Houndesome
Carny,Tourmell
Erich,Scrinage
Kassandra,Guisot
Pollyanna,Finicj
Crista,Kingshott
Sherry,Littlefair
Lorna,Yakovitch
Celestia,Aronowitz
Hammad,Filimore
Lita,Traise
Dario,Blitzer
Regan,Lesurf
Lynea,Southcomb
Rooney,MacNeice
Jozef,Yakubowicz
Enid,Marzelo
Evie,Etherson
Dita,MacCulloch
Kassandra,Flello
Jacquenetta,Seddon
Eziechiele,Duffit
Madeline,Tattersdill
Pierrette,Toe
Carleton,Lamborn
Marley,Habden
Johannah,Collman
Katharyn,Boulton
Damien,Lennon
Rafa,Foster-Smith
Evvie,Chadwin
Jyoti,Castellan
Beatrice,Furmston
Lucius,Hanretty
Isidora,Fazackerley
Augustin,Parris
Ariana,Van Saltsberg
Maridel,Sieghard
Belvia,Westall
Novelia,Tebbet
Jerrine,Scholte
Hyacinthia,Garside
Kirsteni,Wyrall
Myrlene,Spoole
Ximenez,Dalliston
Kincaid,Slocombe
Niles,Ellerby
Ham,Roly
Aigneis,Cornes
Brigitta,Jarrard
Giselle,Buxey
Molli,Embra
Richy,Matthesius
Harwilll,Grenshiels
Eadith,Nellies
Cristin,Ceeley
Celeste,Karolovsky
Jordon,De Pero
Eden,Scase
Adrianna,Steeden
Jeffy,Harwick
Raimundo,Letterick
Austina,Lamputt
Tamera,Ricart
Eryn,Parmeter
Kimberlee,Sonner
Kip,Fryett
Wolfie,Adcock
Biddie,Purdon
Eva,Flipsen
Mirabel,Champain
Lita,Aslin
Hedi,Stiffell
Mikel,Adamski
Lewes,Unsworth
Kristo,Mercik
Teador,Verdon
Meta,Martignoni
Henrie,Haslin
Krystle,Bartrop
Nettie,Naile
Lance,Livick
Von,Davidesco
Herculie,Stigell
Herby,Davey
Kerstin,Kingscott
Mar,Brittain
Aube,Birden
Donnajean,Schoolcroft
Buckie,Jeeks
Reeta,Haddleton
Dominique,Lambirth
Basile,Danis
Mata,Sidgwick
Fran,Middler
Keith,Tolerton
Sibyl,Hacquard
Sada,Hurkett
Nicky,Laden
Read,Corke
Kerrill,Garlette
Larry,Whorf
Emlynn,Fort
Joellen,Congdon
Isobel,Gautrey
Chaim,Febvre
Gabriel,Emmanuel
Sibel,Allenby
Glynda,Ollis
Codie,Zealander
Opalina,Willingham
Clarita,Phelps
Kim,Dungay
Zahara,Burrus
Marven,Saynor
Madlen,Mabbot
Kacey,Cossans
Maegan,Loadsman
Donalt,Bartlett
Roddy,Delany
Karlotte,Wix
Hynda,Sievewright
Mickie,Huskisson
Godard,Triggs
Gertrud,Faas
Rosalind,Carmont
Alla,Garlicke
Jorry,Irwin
Hew,Drohun
Demott,Irdale
Abrahan,Jansik
Ginevra,Impson
Terrie,Bester
Fairleigh,Yellep
Marci,Dominique
Nicola,Retchford
Mathian,Waldren
Jud,Taylor
Sidonnie,Dransfield
Alida,Longthorn
Hasty,Cowie
Cristina,Germaine
Brooks,Seage
Rycca,Kiely
Fidole,Harbinson
Dianna,Blackshaw
Pattie,Samways
Rickie,Paddison
Rem,Lauridsen
Arlen,Tims
Rosalia,Hardie
Wilbert,Crolla
Sibylle,Gounod
Alma,Sevin
Alica,Robotham
Rochelle,Upfold
Valerye,Fey
Lilly,Ceschi
Dode,Matyja
Saundra,Megahey
Jacky,Bordis
Adolpho,Wason
Krystle,Cornelisse
Karisa,Harry
Mercie,Sanbrook
Tildie,Saladin
Biron,Orsay
Tamar,Snawdon
Chance,Le Barr
Dennie,Semper
Ania,Drury
Duane,Gillman
Ramsey,Dyshart
Evangelia,Walas
Rosita,Swyer
Andrey,Pigne
Roley,Dallicott
Margaux,Wrankmore
Ceil,Kinneally
Aliza,Limbrick
Tina,Shitliff
Dagny,Blesing
Dona,Burchall
Ezechiel,Skayman
Chance,Benoey
Edithe,Beales
Sonny,Genike
Jessee,Lundbeck
Aube,Balogh
Renaldo,Bullard
Sonni,Cornejo
Brandais,Elstub
Nevsa,Hegarty
Juliet,Lowton
Tim,McGinny
Gearard,Wain
Kali,Buckenham
Eddy,Stranks
Ranee,Duckham
Harlie,Hans
Noel,Bourrel
Wally,Espinel
Kakalina,Domnin
Ginnifer,Gramer
Manya,Macconaghy
Cobb,Bolin
Adrien,Avramovsky
Borg,Lindsey
Isac,Callicott
Wilt,Bang
Alyse,Blachford
Avigdor,Gludor
Hernando,Crannell
Mathe,Fieldhouse
Yorke,Eskrick
Normand,Vaneschi
Ebeneser,Renehan
Daryn,Woodruffe
Tracie,Ewens
Frederica,Joiner
Cheston,Hedge
Connie,Skerman
Richard,Rediers
Herc,Lening
Leelah,MacNeish
Theadora,Godby
Beck,Maruska
Dynah,Hearns
Gisela,Giacoboni
Aurore,Bru
Karrie,Coggins
Hans,Morrish
Mellie,Ferrar
Leigh,Linden
Marge,Bowgen
Etheline,Ambridge
Shamus,Harrington
Derward,June
Giselle,Itskovitz
Evonne,Chasier
Bowie,Mathwin
Selia,Jaycocks
Ayn,Freeman
Richart,Kilshaw
Esdras,Pollastrone
Odette,Gookey
Thurston,Murthwaite
Elbertina,Duffin
Thomasa,Kinnock
Nickey,Fevers
Si,Kerrigan
Milo,Scoon
Andris,Gregorace
Filberto,Gorger
Linoel,Lowe
Rosa,Bradtke
Anne-marie,Cattroll
Lisetta,Mogg
Holly,Issit
Sallyanne,Laba
Eugenio,Scally
Rouvin,Dhenin
Marnie,Liggins
Rosabelle,Bartocci
Lorelei,Scannell
Marita,Vecard
Abbe,Petty
Peggie,Mitcheson
Leilah,Cossons
Kalil,Frankum
Bobbie,Janse
Antons,Hillam
Arabel,Armfirld
Lizabeth,Bloyes
Osborne,Daglish
Trixie,Whittier
Barby,Dagger
Clarinda,Benoist
Colver,Ashtonhurst
Wynnie,Karpov
Gisela,Bee
Leesa,Woolacott
Adair,Vreiberg
Venita,Castletine
Elinore,Stutt
Catherina,Keveren
Othilie,Peake
Alica,Bett
Brigida,Counsell
Natty,Gioan
Trueman,Mouser
Jobie,Bunney
Christine,Disbrow
Sayre,Scholtz
Kincaid,Jentle
Mack,Ambage
Giffie,Blazynski
Edik,Gawen
Dominic,Balfre
Rodrique,Arminger
Enos,Sowrah
Beauregard,Tolman
Jenni,Cottel
Nonah,McGeagh
Basilius,Virr
Ella,Pigot
Jamaal,Bedboro
Kalindi,Pimbley
Lisa,Tathacott
Shelby,Benezet
Jordana,Proffer
Vanessa,Deveral
Harlene,Dewhurst
Maison,Karpenko
Immanuel,Unworth
Delmer,Iapico
Giulietta,Gadman
Salomon,Stood
Hamnet,Brownrigg
Bradney,Agott
Ainslee,Minton
Putnam,Fortnum
Pascale,Arni
Ranice,Arntzen
Emmanuel,Doggerell
Lynnette,Winchester
Mirabelle,Shales
Michel,Swigg
Midge,Nelm
Tanya,Eaglestone
Garnette,Guile
Patin,Woodcroft
Waite,Jermey
Val,Laflin
Bobbee,Levane
Sheffield,Antal
Margaretha,Aylott
Elene,Willgoose
Biron,Leggatt
Ogdon,Braybrookes
Zorina,Van T'Hoog
Minta,De Ortega
Alexandr,Dormer
Trista,Blundin
Clay,Urridge
Celestia,Rapson
Junette,Beminster
Bel,Sember
Danita,Simmings
Shawn,Raigatt
Janene,Hattiff
Darbee,Tewkesberry
Nessi,Leech
Konstantin,Filoniere
Nicolina,Degue
Christine,Escolme
Luz,Chaney
Andriette,Simunek
Silvia,De Benedictis
Jeremy,Tunna
Maureen,Cannop
Frans,Wahncke
Solomon,Casper
Mortie,Allchorn
Ketty,Bogace
Evangeline,Gabriely
Minerva,Pietzke
Donni,Troy
Patrick,Tredinnick
Ertha,Gilbard
Thoma,Greenless
Nial,Huckett
Marlene,Gatchell
Danice,Everal
Klaus,de Mendoza
Corilla,Kirtlan
Jennifer,Burnyeat
Gunar,Corrett
Eleanor,Decreuze
Etheline,Lyne
Con,Parren
Rosina,Witchell
Pammy,Cornils
Elly,Wallice
Eloisa,MacGrath
Ophelie,Fairham
Jody,Enterlein
Tobiah,Cominetti
Randi,Watsam
Sheridan,Booij
Joellen,Oglevie
Lawton,Gainsboro
Lisle,Blanko
Kaitlyn,Lowne
Lyon,Mendez
Ferne,Habershaw
Robinetta,Trowell
Glenna,Gasker
Kennan,Hatliff
Tabina,Simpkins
Elena,Iacobini
Karlotta,Causton
Franny,Semens
Elnar,Broddle
Alyosha,Denslow
Beitris,Elwill
Ansley,Munson
Steffi,Gasparro
Gerick,Marchant
Karol,Kolak
Bertie,Izakoff
Tymon,Harce
Tammara,Egiloff
Pip,Bails
Marga,Knappen
Emile,Budden
Sheena,Trainor
Tove,Waddilow
Hunt,Truss
Claudio,Diaper
Haze,Kitchin
Cooper,Tarpey
Glenn,Blackhurst
Constantia,Abrahim
Cris,McVane
Kirbie,Giacoboni
Rutter,Barnham
Claudio,Bartolomivis
Eugenio,Donnan
Bill,MacGuffog
Eolande,De la Perrelle
Berkie,Spriggin
Donny,Bernuzzi
Bernetta,Santacrole
Doloritas,Jarville
Nanon,Valentino
Rochella,Richardet
Reinold,Catherine
Lorilee,De Lascy
Daniele,Piper
Myles,Adderson
Nickie,Gabriely
Tedra,Bownes
Jody,Loding
Harlan,Torritti
Faber,Plett
Stavros,Reeder
Elliott,Osban
Lenci,Ridolfo
Selia,McElroy
Anetta,Gritton
Alika,Pugh
Steffi,Cool
Ric,Caistor
Carolyne,Syratt
Giffie,Aisman
Raynell,Lesper
Harbert,Athelstan
Thibaud,Kinder
Nero,Annott
Nolan,Penton
Selle,Coker
Dilly,Bastock
Hy,Abrahamovitz
Mariam,Cassels
Nap,Baszkiewicz
Hollyanne,Bastistini
Arnuad,Grealey
Greg,Markovic
Delaney,Ingliss
Kit,Oats
Maddi,Locard
Becky,Fehely
Flossi,Shrieves
Alva,Peasby
Bertina,McGlone
Dixie,Grattan
Amalle,Vearncomb
Calv,Overnell
Lanna,Reinhart
Rafa,Gasnell
Jodee,Klimes
Thane,Lening
Eziechiele,Thackwray
Ginger,Tomczykiewicz
Waylen,Silberschatz
Hi,Spellissy
Darrel,Bresner
Annnora,Grayshon
Porter,Snelgrove
Brannon,Corbyn
Prudence,Crowden
Jemie,Farguhar
Abramo,Latchford
Joyous,Karby
Currey,Bonelle
Mohandis,Fullard
Janeta,Aldie
Luigi,Holttom
Chucho,Benbough
Carey,Shelf
Gaspard,Auld
Laraine,Crossfield
Erena,Kohrt
Theressa,Clarage
Nestor,Mackieson
Sarene,Sowerby
L;urette,Halley
Kelsey,Easterling
Benni,Flewin
Merrel,Lodevick
Evie,Gane
Gregorius,Bishop
Eydie,Dahler
Betteann,Cowlas
Fredelia,Summerly
Art,Dowthwaite
Lara,Sweatland
Wakefield,Huckabe
Johnna,Danelut
Adaline,Yarnell
Andris,Form
Carleen,Doerling
Pete,Martins
Daven,Pirri
Angelina,Vesque
Cointon,Sneesbie
Marinna,Mollen
Sandi,Hazel
Ardyce,Rowbottom
Gale,Fawssett
Alberik,Pidgen
Marijo,Greeve
Clarice,Conachie
Allan,Colbridge
Miof mela,Heningham
Ruby,Bugbee
Allan,Speechley
Yuri,Battlestone
Osborn,Kings
Belva,Eteen
Alfie,Soan
Burnard,Duddy
Simonne,Ethersey
Nicoline,Tucknutt
Farlay,Fayre
Yettie,Henner
Patrice,Creasey
Cecil,Tirrey
Babara,Gibbings
Ellie,Urion
Gradey,Johanning
Arri,Gayden
Gilda,Boick
Taryn,Cathrall
Stacee,Catcherside
Leon,Echalie
Horatio,Brakespear
Rheta,Trinkwon
Trudi,Kleen
Elmore,Ogus
Kelley,Skill
Leena,Reader
Erica,Boule
Dyan,Hubatsch
Marti,Askaw
Horacio,Godwin
Jesse,Mathiot
Lillis,Dewick
Dorena,Brannon
Sherline,Swyndley
Kilian,Burras
Thia,Garlinge
Emanuele,Huxster
Anallese,Templar
Steffane,Grolle
Kerrin,Banke
Calla,Milmith
Fancie,Cansdill
Brittany,Coatts
Noelle,Suttaby
Brenn,Ioan
Hamid,Whinney
Grier,Girdlestone
Eula,Bezants
Giorgia,Samways
Thebault,Doornbos
Janis,Dobbison
Willard,Gaul
Cristine,Dobby
Carissa,Gwatkins
Uriah,McIlriach
Maressa,Benez
Ashlen,Drynan
Nelie,Warriner
Carlota,Brough
Sterne,Barroux
Fay,Bartalot
Daisy,Demonge
Pearla,Keefe
Kelli,Livens
Orelie,Davidovic
Karlan,Duxbury
Thornton,Gallardo
Eva,Bayles
Rolfe,Blue
Jenilee,Coope
Danielle,Dugue
Norma,Wadhams
Jerrie,Rogeon
Geoff,Lingwood
Arielle,Barrim
Base,Minty
Deeyn,Robun
Des,Dominicacci
Keith,Gowan
Bonita,Kemp
Aeriela,Shepherdson
Jeralee,Methley
Garvey,Corneljes
Honey,Shepley
Edeline,Pescud
Kristel,Confort
Rudiger,Kermit
Maitilde,Postles
Nathalie,Verrills
Sergei,Patmore
Trista,Furzey
Robers,Gilyott
Darwin,Lidgate
Isidora,Keeley
Tim,Nelles
Burt,Escala
Nichols,Ginman
Loraine,Gilchriest
Giffard,Hansman
Kassia,Rojas
Janeva,Mcettrick
Dorian,Vannucci
Orson,Pestridge
Godfree,Plaide
Tito,Burchnall
Jeane,Wigelsworth
Thorstein,Lafontaine
Kincaid,Cyples
Udale,Hartropp
Deva,Wilman
Edee,Kennelly
Buckie,Caveill
Eveline,Godar
Teddy,Walewski
Olly,Muldoon
Charo,Wasiel
Rusty,Exeter
Sammie,Vasic
Eddy,Trayte
Benjy,Jecks
Eda,Frobisher
Marchelle,Staner
Chandra,Rawll
Emile,Einchcombe
Corinna,Sleney
Stanislaw,Bergeon
Byrle,Goody
Kaiser,Mcall
Melisa,Ciric
Noble,Trimmell
Reggie,Massenhove
Theo,Baiyle
Des,Wharf
Othelia,Hodcroft
Lezlie,Clyde
Hilton,Laingmaid
Aurilia,Blanchflower
Aila,Berthod
Bank,Westnage
Row,Purchall
George,Wilbud
Woodman,Cromley
Wayland,Gibbieson
Norma,Eversley
Forester,Mattacks
Dianemarie,MacKeague
Kania,Winn
Jerrie,Campanelli
Athene,Hanford
Rea,Enston
Valdemar,Daunay
Jesus,Tabord
Darwin,Trunkfield
Audrye,Rime
Ken,Palk
Karola,Lavelle
Issy,Rein
Ruthy,Fredson
Abba,Bemand
Eydie,McGannon
Ki,Ace
Lancelot,Farmar
Averil,Randell
Evelina,Capron
Lorrie,Degenhardt
Tobi,Plenty
Dehlia,Syddie
Toby,Humby
Catharine,Ohanessian
Raimondo,Trayton
Rochelle,Pregel
Allix,Banbury
Ninette,Baradel
Genvieve,Lusty
Gar,Vial
Cybill,Oliver-Paull
Sandro,Halpin
Aurora,Sedworth
Nerty,Bresnen
Donnajean,Hales
Willy,Wisam
Hartwell,Spurrett
Wayland,Harwin
Cheslie,Verny
Eilis,Shurmore
Kora,Brigstock
Elvera,Mably
Jamima,Waiting
Ranice,Blundel
Kip,Bouzek
Gil,Harower
Layton,Choat
Rhona,Roiz
Roma,Hoult
Hadrian,Spatarul
Clem,MacKeig
Barbara,Owain
Blisse,Dearnly
Hildy,Carmen
Desmund,O'Nowlan
Sheila,Bellas
Zaccaria,Kerin
Patton,Manginot
Mikel,Hinrichsen
Tiertza,Rylett
Cherice,Gibbie
Quinta,Mildmott
Malanie,Meddick
Bret,Connachan
Harcourt,Haresign
Larry,Fortnum
Rosanna,Guild
Rachele,Harvison
Gertrud,Lochrie
Odetta,Munton
Walt,Kubista
Levon,Cain
Valli,Kidman
Maighdiln,Easter
Celle,Keays
Tamiko,Spottiswoode
Darcie,Cripwell
Roley,Woolmore
Chloette,Buckmaster
Jyoti,Winston
Claudetta,Teresi
Darren,Ellin
Jessie,Leathley
Stoddard,Burwell
Raynard,Trendle
Garrard,Occleshaw
Chanda,Luckwell
Stan,Abden
Carmine,Demer
Abbie,Dossetter
Kristine,Pritchett
Ricard,Drabble
Lauretta,Clynmans
Ddene,De Maine
Devora,Kimmel
Gregor,Silkston
Vaughan,Denis
Waldemar,Cathcart
Briant,Schreiner
Rheta,Tubbles
Alina,Verchambre
Diena,Copplestone
Claribel,Iveans
Lenka,Connow
Olive,Colebourne
Meridel,Greengrass
Phillis,Grainge
Titos,Kingscote
Bobbi,Grundle
Karilynn,Vell
Parry,Rabbage
Merv,Clem
Justus,Cham
Latia,Trusler
Korney,Cowles
Alwin,Graeber
Ansel,Chitham
Laverna,Maycey
Dewey,Walkden
Lucretia,Titchener
Kalie,Keller
Audrie,Donaghy
Noelani,Conrath
Annamaria,Realy
Ira,Allenson
Humbert,Eagleston
Merrick,Sowley
Dorian,Stoop
Ephrem,McBrady
Sam,Thewlis
Gwendolin,Dennant
Joellyn,Janatka
Cosme,Kinvig
Alexis,Terrans
Petra,Vatcher
King,Eddington
Kaspar,Havile
Joelie,Dew
Marget,Medgwick
Ingmar,Samples
Nicolle,Hedan
Avie,Pitway
Helen-elizabeth,Tinmouth
Ewen,Shimwall
Alberik,Burrow
Jaquelin,Niess
Annaliese,Mosey
Mareah,Spicer
Danila,Boylin
Molli,Pollastro
Audry,Scrane
Cy,Guirau
Shermie,Eingerfield
Lilian,Messenbird
Misha,Cackett
Lauryn,O'Caherny
Jacqui,Lamke
Harp,Finnigan
Isidora,Fetherstone
Aubrey,Edgehill
Adham,Simms
Sherlocke,Ayling
Hetti,Gunson
Pietrek,Jest
Gerianne,Dymidowski
Adelaida,Wloch
Pascale,Mishaw
Augustina,Scudder
Fredia,Cordeau]
Prudi,Eisikovitsh
Amalie,Hanwell
Roxie,Godwyn
Shane,Byer
Bourke,Nornasell
Anselm,Renols
Brit,Wane
Borg,Rodriguez
Zacherie,Jiru
Harcourt,Helian
Sydel,Andrini
Michal,Williamson
Karel,Meneer
Donavon,Vittery
Amandi,Croutear
Philis,Doumenc
Albertina,Cromblehome
Terri-jo,Clackson
Abbie,Rozycki
Haslett,Chevers
Vassili,Davern
Adelaide,Foddy
Jena,Farloe
Ingmar,Hughes
Maximilien,Pleven
Linette,Andreini
Kiley,Docwra
Verile,Havik
Lemmy,Burgwyn
Pansy,Crossfield
Phedra,Mac
Valida,Jodrellec
Fran,Sheepy
Natividad,Kaysor
Roderich,Rooney
Jakob,Curran
Alfy,Brunke
Nata,Klicher
El,Hurdedge
Jilleen,Slocombe
Roshelle,Izaks
Kimmi,Kiely
Tiffi,Merrydew
Salvador,Phillot
Herby,Felmingham
Sheryl,Bortoletti
Eloise,Denisard
Jean,Rippon
Kelila,Densie
Aldrich,Bunstone
Traver,Tyce
Alysia,Curtoys
Pat,Wardley
Janis,Doddrell
Ingrim,Neeson
Nevile,Cookman
Maggy,Pettinger
Sandor,Maruszewski
Dominik,Cutler
Carlin,Feifer
Midge,Daniaud
Jeri,Calan
Zachary,Pavlasek
Elwin,Guillet
Myranda,Ridger
Jobyna,Pinxton
Kahlil,Insworth
Danielle,Flello
Micky,Mollitt
Merrel,York
Reidar,Pellew
Berty,Aburrow
Rosene,Langdale
Flory,Retter
Willabella,Goodluck
Nelson,Whimper
Wallace,Grandin
Lorain,Francescuzzi
Normand,Brolan
Verina,Silkston
Carie,Clover
Angelika,Adrianello
Mattheus,Broadbridge
Christa,De Few
Raymund,Hatchard
Cristian,Deniset
Lemmie,Sheryne
Moshe,Larkworthy
Natala,Ramsden
Chad,Rany
Fayth,Manifield
Sibelle,Marchello
Edythe,Triplow
Dore,Mathivon
Fleurette,Godon
Arlin,Scurrah
Melvin,Winslow
Reggi,Martinets
Rosalinda,Grzegorczyk
Kristina,Ovey
Flo,Langdon
Horace,Harriagn
Dona,Egerton
Christie,Alcalde
Alistair,Sandwith
Anstice,Perkis
Ingaberg,Stodart
Fleurette,Salvati
Janette,Flaherty
Paxton,Leon
Deane,Gossling
Nissie,Tour
Cesaro,Mitchell
Georgena,Blemings
Misha,McGinny
Roosevelt,Rozsa
Cory,Wodeland
Erek,Parell
Diena,Nowaczyk
Kynthia,Volkers
Lindi,Sandcroft
Kaela,Shuker
Ilene,Gorwood
Enrika,Thridgould
Billy,Valentine
Garland,Mooreed
Saree,Crossgrove
Elle,Chamberlain
Alia,Yegorev
Griffie,Coghlin
Culley,Mainston
Corie,Moody
Betsy,Rubi
Bevon,Le Pine
Vicki,Le Breton De La Vieuville
Ranice,Vidgeon
Ebenezer,Ellam
Ferdinand,Tibbetts
Cori,MacGown
Ruy,Cornish
Ruttger,Ledner
Noreen,Grayshan
Brett,Towse
Anthe,Francis
Drucy,Richens
Kinny,Lovelady
Curtice,Mazzeo
Giorgio,Kroch
Sabina,Pybworth
Hildagarde,Lebang
Yolanda,Dran
Delmore,Dearan
Dalli,Kinforth
Obidiah,Chasmer
Gusti,Mackness
Ursala,Alderton
Queenie,Bertelsen
Eilis,Woodfin
Padraig,Rosenvasser
Lizabeth,Manueau
Margaretha,Sisneros
Cindra,Benech
Dionne,O'Farrell
Marven,McQuode
Dante,Cheley
Vida,Branscomb
Ned,Plows
Jessie,Beazey
Kasper,Battrum
Rubi,Northeast
Dulsea,Jelkes
Keary,Dalgarno
Janine,Howood
Maxim,Haveline
Neel,Pidgen
Mariana,Taffs
Constancy,Geator
Catina,Waters
Robinet,Teodoro
Barris,Chstney
Don,Froggatt
Stephanus,Freeberne
Hamlen,Massingberd
Felicity,Ablott
Danyelle,Born
Otes,Bienvenu
Benoit,Freschi
Minnnie,Kivlin
Elvira,Harbert
Christal,Sarrell
Demetri,Le Sarr
Hildagarde,Stenhouse
Marvin,Fardy
Margi,Faithorn
Elysha,Lingley
Eolanda,Stoffers
Merv,Stoad
Melly,Yearne
Cedric,Bowdon
Rudolfo,Washbrook
Abel,Branton
Ertha,Slogrove
Zilvia,Wedlock
Clari,Cadany
Rosemary,Wetherby
Art,Gherardesci
Thea,Happs
Nada,Rustedge
Ellery,Quinton
Heath,Letessier
Daven,Nabbs
Gilburt,Ferreira
Jamima,Eastway
Jammal,Alenshev
Jermaine,MacKee
Dusty,Rockall
Ulrika,Plait
Pierette,Davidoff
Dorella,Blewett
Sunshine,Burris
Ermin,Allcorn
Erin,Cosins
Veda,Heiner
Jedediah,Dagnall
Arlan,Barthorpe
Torre,Dusting
Melisande,Kemish
Reeta,Grebert
Jeramie,Sherbourne
Bondon,Langelaan
Willabella,Gilder
Angeli,Gohier
Kelci,McCrachen
Willem,Hursthouse
Vyky,Churchin
Ahmed,Spriddle
Byron,Lawson
Patrizia,Daine
Gerladina,Ferras
Carlee,Parriss
Micah,Care
Sascha,Wilding
Ainslee,Saxelby
Cari,Siflet
Uri,Marguerite
Kendrick,Wharlton
Geneva,Blaschke
Pepe,Pennington
Craggie,Cromie
Zolly,Heggadon
Arin,Drysdale
Delly,Truse
Erika,Libri
Myca,Pregel
Boote,Eisak
Kurt,Frawley
Lianna,De Mico
Rozina,Esh
Noreen,Fearne
Nester,Nesbit
Ivan,Midlane
Jeana,Jira
Aili,Fomichyov
Jimmy,Emanson
Paola,Mottershaw
Ax,Blackboro
Vickie,Avrahamoff
Saleem,Seamans
Burt,Goodere
Andrus,Schuricke
Guy,Clemmow
Carrissa,Grisbrook
Merv,Sotheby
Ryan,Gadesby
Rodina,Bardell
Sherwynd,Lumsdon
Pepillo,Lampart
Geralda,Atwater
Kenny,Duckerin
Gabriella,Jinkinson
Lorena,Methuen
Gabrila,Desseine
Nealon,Charlesworth
Erie,Woodage
Chelsie,Gunstone
Ally,Seagrove
Tobey,Aulsford
Janie,Rapport
Yancey,Gunby
Kassi,Rozalski
Franzen,Coburn
Faythe,Georgot
Norton,Hiley
Rosmunda,Boeter
Joe,Summersett
Bernhard,Duxbarry
Monro,Zorn
Darya,Vequaud
Julianna,Doige
Minny,Bottrell
Alwyn,Merfin
Lind,Daniell
Garrard,Mouan
Laurice,Giovannetti
Adela,Autry
Donnell,Giraldez
Sybilla,Capaldi
Lebbie,Willsmore
Imogen,Hanscomb
Hilary,Roose
Dyanna,Rodie
Chaunce,Bernardt
Giustina,Thundercliffe
Bryan,MacKomb
Kitti,Spatari
Charin,Tanti
Ryann,Doyle
Garek,Bouzek
Idalina,Shildrick
Gwenni,Ffrench
Teriann,Brummitt
Lauralee,Hardwin
Myrtie,Dutton
Caryl,Courtin
Anthiathia,Winter
Genovera,Karpinski
Elizabeth,Champagne
Celisse,MacTerrelly
Fifine,Vowden
Belvia,Tunbridge
Clayborn,Trammel
Jules,Gostick
Grissel,McCaughen
Jacquetta,Langstrath
Gayle,Clempton
Celie,McAless
Prent,Eborn
Barbe,Strang
Kipper,Carlick
Willabella,Longman
Linzy,Maynell
Giraud,Cauley
Husain,O'Feeny
Obadias,Van Dalen
Sylvester,McCook
Darci,Bore
Farrel,Lafoy
Fairlie,Helkin
Essie,Randalston
Muhammad,Pyburn
Shelbi,Bleesing
Eartha,Malafe
Gerick,Quinsee
Kendrick,Cotton
Leshia,Runnacles
Christophorus,Sazio
Tybi,Raiment
Valerie,Joiner
Sydney,Kwietak
Gabbie,Brundill
Grenville,Lomis
Alfi,Mault
Leonerd,Buten
Jeff,Hairyes
Saw,Brunnen
Else,Berthod
Farlee,Wharf
Lorettalorna,Rosser
Barbi,Forestel
Redd,Ungerer
Denny,Stillert
Raquel,Domek
Melisent,Rubinovitch
Natty,Palombi
Marji,Fortun
Susanetta,Althrope
Bernhard,Remon
Betta,Skedgell
Megen,Levee
Kass,Jaggli
Karola,Perdue
Raoul,Spinello
Selena,Bickerdike
Enrica,Bullant
Karlotta,Rostron
Kristopher,Rippon
Marybeth,Hickenbottom
Iolanthe,Poulsen
Abbi,Konmann
Miltie,Bourbon
Karlen,Palley
Reinaldo,Smalecombe
Diana,Mollison
Adrea,Gallant
Vannie,Conibear
Jackie,Gutteridge
Rourke,Pelman
Neile,Lace
Eleanore,MacAughtrie
Renado,Shopcott
Joellyn,Kingsworth
Mitchell,Newstead
Candra,Spada
Ardelis,Bateson
Delora,Sawtell
Atlanta,Rulton
Emmi,Phetteplace
Yurik,Perroni
Zane,Westwell
Eirena,Fallanche
Linell,Kibblewhite
Kristofor,Djurisic
Ad,Arton
Jillane,Rosenblatt
Aldon,Girardey
Vanda,Davidovic
Dyanna,Haseman
Leodora,Heninghem
Maire,Chaffer
Corbie,Ferroni
Shermy,Skipton
Natalya,Ballingal
Jeremy,Muscott
Horatius,Tibald
Mike,Mor
Hodge,Stalf
Ludwig,Lethley
Dela,Fingleton
Hillyer,Wrighton
Deeanne,Franciotti
Goober,Starie
Arthur,Brellin
Gabriele,Bawdon
Reinwald,Klosterman
Brett,Gillan
Jilly,Cadigan
Tabby,Gurling
Oralla,Linzey
Skipton,Bransom
Homere,McElmurray
Sashenka,Ferrarini
Ursulina,Cholton
Babb,Cases
Cass,Steer
Ransom,Ware
Celestyn,Caudrey
Ariela,Wallbank
Alexis,Ofield
Sunny,Sturney
Pierre,Titchen
Albertina,Chitty
Revkah,Verduin
Tabitha,De Zamudio
Corney,Vasin
Waylen,Ghilardi
Gregg,Le Hucquet
Hedda,Fox
Arie,McDuff
Dorise,Hallet
Aguie,Pickervance
Natalie,Siehard
Leighton,Souten
Yves,Monkeman
Immanuel,De Metz
Eberto,Cammoile
Fabio,Doorly
Christen,Chewter
Milt,Allaker
Renado,Hyrons
Blinny,Grimditch
Gasper,Hardey
Arlen,Lympany
Pamela,Joliffe
Farand,Spaducci
Nettle,Manilo
Vicki,Saunt
Nanni,Hensmans
Josephine,Saffell
Ealasaid,Rosenblum
Nicolas,Phripp
Ronna,Dare
William,Habbergham
Simonne,Foker
Carolus,Blanking
Alphard,Madill
Bartholomeus,McCrackan
Sheri,Jobling
Asia,Connelly
Northrop,Harradence
Starlene,Rosenblad
Fayth,Kincaid
Matelda,Redhole
Sid,Housbey
Witty,Grunguer
Bevon,Gasson
Laverne,Britian
Heather,Gerritzen
Pammi,Anfossi
Mary,Hedditch
Pam,Matys
Alvina,Gallelli
Alix,Jentgens
Karl,Forster
Salvador,Barritt
Chester,Levison
Kasper,Lazell
Truman,Vedstra
Lucais,Ilyushkin
Ashil,Benallack
Devy,Gilston
Tedda,Zammett
Gaultiero,Haddy
Cody,Janku
Romy,Lening
Jehu,Westnage
Clyve,Doolan
Lisha,Small
Krystyna,Strong
Manon,Kerwen
Joellen,O'Growgane
Gonzales,Hryniewicki
Averil,Redmille
Heindrick,Rochford
Harri,Gannaway
Elisha,Leather
Tina,Sommer
Tremaine,Shillinglaw
Rikki,Griffithe
Brig,Reeks
Letizia,Mapother
Basil,Gallico
Arthur,Brownhall
Charmain,Yaneev
Sonnie,Langdon
Horacio,Sacase
Kipp,Mordue
Cornelle,Dinnis
Germaine,Scouse
Selina,De'Ath
Rinaldo,Meeson
Eldin,Tomczykiewicz
Micaela,McCuffie
Evania,Denley
Abe,Breche
Jedd,Eliasen
Alice,Shuttleworth
Alister,Spain-Gower
Gerardo,Redwing
Felisha,Dumke
Townsend,Eborn
Ignacius,Chesterton
Magnum,Jakes
Celisse,Dowles
Kassie,Byart
Alwin,Lemery
Kingston,Hessel
Hannah,Kensitt
Wolfgang,Brundale
Skipton,Domanek
Katheryn,Harsant
Mollie,Ipgrave
Chelsie,Shurrock
Biddy,Ahern
Noah,Tallboy
Bobina,Sheed
Karilynn,Bottjer
Micah,Doubrava
Deloria,Cail
Samuel,Deboo
Sybyl,Jansey
Ibby,Maps
Rafi,Orrom
Denny,Ellit
Alister,Moodie
Marty,Figger
Luciana,Phythean
Dulciana,Sharplin
Arlena,Roscamps
Ketti,Petracci
Gabriella,Jados
Andrej,Loveguard
Connie,Bladesmith
Davey,Delafont
Brewster,Emanueli
Garvy,Perrott
Bess,Vollam
Jorgan,Garroch
Benedick,Davidovsky
Nehemiah,Crinion
Jackie,Gristhwaite
Margaret,Dallison
Rockey,Roch
Sephira,Ciabatteri
Tom,Bengoechea
Waylon,Hoble
Tony,O'Sherrin
Pavlov,Hallum
Jesus,Toderi
Candida,Pescott
Aundrea,Wapplington
Gal,Temlett
Lorilee,Shearsby
Nedi,Dallison
Ardisj,Beldham
Salomon,Bonifazio
Austina,Selkirk
Noe,Beedle
Law,Darnbrook
Harland,Heakey
Ramsey,Coole
Zelig,Scraney
Ethyl,Redon
Tamma,Guildford
Helyn,Gerriet
Eve,McKerlie
Kali,Schapero
Torrance,Bumfrey
Ameline,Bridgewood
Wash,Eton
Gian,Sharman
Cindelyn,Westlake
Jimmy,Hacket
Hakim,Foro
Angela,Evreux
Quinn,Januszewicz
Leland,Tomei
Bertrando,Powlesland
Dorisa,Kinker
Daisey,Nund
Dall,Hayselden
Sharla,Cloutt
Amandy,Dahlborg
Caz,Minmagh
Terrye,Blowing
Isaak,Balmann
Jasun,Butrimovich
Ciel,Braidwood
Staford,Gorden
Catlee,McCallion
Jewell,Ewols
Addie,de Quincey
Harwilll,Keilloh
Kacy,Isles
Palm,Haime
Rhoda,Hillitt
Gunter,Caplen
Carolee,Giraudeau
Darnell,Strathearn
Erina,Dooney
Allin,Noods
Mabel,Asplen
Martainn,Stennard
Kayle,Garden
Harmonia,Farthing
Nerta,Bowen
Barret,Cosin
Obadias,Demicoli
Dorri,Ipwell
Ally,Davidsen
Alleyn,McGettigan
Lamont,Slayford
Ivory,McKelvey
Pansy,Plaistowe
Odetta,Carayol
Saundra,Foux
Marmaduke,Alen
Natasha,Chilcott
Marlo,Foulgham
Pauletta,Petricek
Marline,Creeghan
Roxanna,Brimelow
Krystal,Claxton
Rhea,De Blasi
Kitti,Cheley
Lorrayne,Tallow
Frederique,Jobke
Darryl,Vickerman
Urson,Gutsell
Corie,Penley
Jocelin,Wiggington
Pietrek,Symmers
Carissa,Dunn
Tomasine,Center
Bette,Catling
Jammal,Meacher
Lonny,Gamon
Linnet,Cawt
Cynthie,Park
Hilliard,De Giorgi
Mair,Gronou
Manya,Mattingley
Latrina,Wilbor
Brucie,Rojas
Virgie,Bottlestone
Vonny,Launchbury
Camilla,Foldes
Florentia,Lazonby
Helsa,Duprey
Dorita,Persicke
Tracy,Creighton
Miguelita,Charer
Linell,Fowley
Delmer,Denyukhin
Gusti,Grigorini
Angel,Joule
Noelyn,Ianno
Faber,Jakaway
Gordon,Bruty
Alard,Stepto
Rustin,Quinney
Jerrilyn,Renzini
Danica,Benko
Rosemonde,Ecclestone
Piper,Geraudy
Sarette,Yewen
Inglis,FitzAlan
Chickie,Strawbridge
Clea,Bendall
Glennie,Escott
Irvine,Vassie
Audi,Penritt
Lizabeth,Beckenham
Christal,Toulch
Putnem,MacCague
Mabelle,Jorry
Tull,Bryson
Adan,Noades
Emmi,Dickons
Clare,Pringer
Aurore,Kindread
Janelle,Muriel
Murry,Housiaux
Latisha,Aberchirder
De,Allsop
Timoteo,Furzey
Cammy,Extall
Ashly,Struthers
Christiano,Petkov
Yolanda,Watkiss
Thorny,Sheehan
Madison,Dunrige
Erena,Barette
Dulci,Goodsall
Janeva,Addicott
Tamera,MacCollom
Juliann,Boyfield
Fayette,Caldecourt
Kattie,Calltone
Zelig,Arden
Fidelity,Jencken
Adi,McNalley
Bernelle,Greenshiels
Tallie,Righy
Garwood,Senyard
Gardy,Hillett
Ailey,Hestrop
Jodie,Mullarkey
Ruttger,Kember
Vidovic,Swoffer
Lazare,Huggin
Debor,Inder
Carry,Burstow
Garland,Sigsworth
Tobye,Haselgrove
Kenton,Agass
Giacinta,Bleyman
Mohandas,Lesek
Alfred,Hallin
Devonne,Herreros
Bessy,Pauler
Ellis,Matthews
Jacquelin,Garrett
Brod,Rubinivitz
Con,Cripwell
Tobias,Daulton
Hirsch,Dax
Annmaria,Whelband
Emiline,Battill
Brody,McGeady
Joann,Immings
Corene,Barsam
Daveta,Thebeau
Kaia,Mordie
Demetria,Mossom
Bogart,Kobpal
Saidee,Rolls
Austin,Casale
Emilia,D'Antonio
Flin,Ballchin
Arlen,Boxill
Vinni,Stidworthy
Elisha,Wakley
Darius,Joselevitz
Eve,Prestie
Giulio,Smewin
Odelle,McDuff
Deeyn,Humbles
Janice,Gaytor
Vita,Ferrero
Melany,Semens
Marleen,Kleinert
Ianthe,Molineaux
Peta,Bowdler
Marguerite,Klemensiewicz
Kassey,Shaplin
Margaux,McFarlan
Arleta,Pregel
Danny,Look
Sidonia,Speeding
Marnie,Ethridge
Annetta,Escalante
Susy,Couroy
Korie,Dobeson
Earvin,Kimmons
Valentijn,Munkley
Silvana,Bartolomeu
Patrice,Milner
Maurizio,Tripean
Pattie,Verney
Boyd,Bicknell
Lesya,Bock
Andie,O'Fergus
Agathe,Kenefick
Fidelia,Gladtbach
Early,Jarman
Talbert,Coston
Charlotte,Tesmond
Gram,Abbay
Dorey,Harler
Lorettalorna,Carluccio
Monica,Valentinetti
Rayner,Getsham
Thomasa,Chesnay
Bret,Antram
Clevie,Casali
Patten,Hotton
Goldina,Izatt
Simmonds,Tees
Spike,Gowen
Anderson,Drew
Ailina,Gladding
Ashby,Grabb
Dominick,Stoneham
Elva,Sackett
Waldon,Kindleysides
Lissy,Antonelli
Lynelle,Erickssen
Meggie,Paradine
Warden,Gwatkin
Addia,Byneth
Morly,MacScherie
Winny,D'eye
Heather,Ciepluch
Burgess,Sheldrake
Adan,Faers
Simone,O'Hallihane
Odille,Gartin
Malanie,Prestland
Barny,Mewrcik
Agna,Painswick
Gretel,Bowie
Shell,Kovnot
Robin,Schinetti
Judas,Ansell
Anallise,Jeremiah
Suzi,Winskill
Harv,Schouthede
Dolly,Renyard
Kaleena,Rigeby
Steven,Kibel
Lezlie,Pople
Nicol,Schult
Hilary,Aldrin
Lee,Piddocke
Nobe,Spilsbury
Izzy,Brend
Benny,Leed
Marshal,Deluze
Cosimo,Eglinton
Wolfy,Gabbatt
Stirling,Glascott
Munmro,Swayne
Adiana,Peltz
Ulises,Krzyzowski
Scottie,Bennetto
Claudelle,Espadero
Hilary,Perulli
Ira,Beaconsall
Lanie,Dangl
Emalee,Keirl
Lula,Brazier
Brynn,Espinoy
Alexina,Umbert
Gloria,Jindrak
Albina,Lethlay
Deeann,Rand
Costanza,Wyrall
Kylie,Speachley
Lorenzo,Campling
Midge,Kagan
Cherin,Gorvin
Willamina,Brookfield
Dorris,Speakman
Oliy,Weyland
Roman,Meagh
Elvina,Malham
Sansone,Nellen
Maxie,Patzelt
Nefen,McMarquis
Hadrian,Crottagh
Susanna,Starbucke
Sandra,Timblett
Lina,Frostdick
Thaine,Tibbles
Lynde,Farriar
Kyle,Euplate
Hartley,Eubank
Mattheus,Meeny
Sibella,Heynel
Karlee,Lebrun
Tersina,Farren
Hugh,Watterson
Fabian,Sobtka
Larissa,Blowes
Shurwood,Cunah
Wandie,Rubroe
Chandler,Stiell
Stacee,Vandrill
Samara,McDoual
Ula,Lenormand
Hewett,Dresse
Bell,Leaman
Joni,Rich
Leo,McCrohon
Rudyard,Linstead
Latia,Podmore
Dennison,Swannack
Sasha,Truelock
Gard,Bridgwater
Warner,Sisson
Gardener,Vossgen
Brucie,McConaghy
Jacob,Kerfut
Almeda,Locksley
Enrika,Withers
Petronilla,Cordoba
Morley,Quirke
Pearla,Tough
Mahala,Bakey
Chalmers,Westmorland
Olwen,Dewis
Ferd,Bannard
Agathe,Colin
Mitchel,MacNelly
Howie,cornhill
Fraze,Espy
Chrissy,Gobeau
Tiertza,Walburn
Krishnah,Capineer
Nanon,Hurne
Marlena,Koppeck
Karoline,Fountian
Thacher,Segar
Flory,Grevel
Ebeneser,MacDaid
Rowan,Anfossi
Guillemette,Kop
Kristos,Hemms
Francklin,Chinge
Annice,Hallawell
Cecelia,De La Cote
Joann,Hill
Melly,Jerzykiewicz
Kettie,McClarence
Josefina,Miranda
Rube,Robardet
Zara,Prior
Towney,Fritz
Rice,Elstone
Addie,Keymer
Adrianne,Baly
Ailsun,Harvett
Chiquita,Kimmince
Adella,Broadbridge
Rosemonde,Virgin
Francisco,Pezey
Beverley,Styan
Nananne,Ketch
Scarface,Barwise
Daren,Pearse
Bobbie,Bottle
Harli,Barbara
Aldridge,Blades
Nichole,Rolfe
Wendel,Flight
Leticia,Golightly
Mariam,Fernanando
Brett,McJarrow
Buddy,Galler
Helene,Oggers
Karel,Milan
Colleen,Farrimond
Katerina,Castellini
Devland,Crosston
Hildagard,Sneezum
Kirk,Rasper
Catriona,Lethem
Zach,Bursell
Marlene,Putland
Jacquie,Bugdell
Wyn,Platfoot
Heath,Wycliffe
Morna,Trollope
Findlay,Guidotti
Valerye,Wipfler
Elliot,Goldhawk
Vivie,Ummfrey
Sigfried,Lapre
Humfried,Baskwell
Ulrick,Meeland
Lucia,Izkovitz
Allayne,Zecchinelli
Rodi,Ankrett
Vivian,Naris
Dannel,McDuffie
Frasquito,Crabb
Louise,Glazzard
Bibby,Jonsson
Chevy,Yarker
Shawna,Dewire
Rutger,Forde
Nobe,Clunie
Ricardo,Buckbee
Fitz,Lyddyard
Calypso,Espinola
Avivah,Laity
Claudianus,Frie
Aile,Edser
Pansie,Acreman
Talbert,Godbold
Sibylle,Ganford
Juieta,Kadd
Jeffrey,Kinver
Bax,Strippel
Sammy,Starten
Marissa,Webbe
Domenic,Gartin
Klara,Hilling
Bartel,Ingham
Reinaldo,Comini
Mead,Mackrell
Dale,Miles
Jolynn,Worling
Dulciana,Tribbeck
Liva,Grevel
Yettie,Aulsford
Terri,Leheude
Rodina,Matthiesen
Cass,Ferrino
Rex,Simkovitz
Kerrie,Bembridge
Filbert,Thirkettle
Araldo,Tuffield
Astrix,Cridlin
Laure,Burley
Budd,Pettecrew
Elsi,Wildor
Rinaldo,Ivanin
Karlyn,Ellams
Currey,Nials
Sal,Earp
Coriss,Suart
Ray,Gonnelly
Jennie,Keeri
Nobe,Auten
Keane,Jeffreys
Shandy,Gelling
Foster,Jakubovitch
Arlana,Gettens
Orly,Land
Paloma,McCathay
Konstantin,Wand
Salome,Aldrich
Morton,Lester
Nancey,Samarth
Erik,Sandey
Jonah,Edelmann
Hetti,Haugeh
Mayne,Luce
Blaine,Wilmington
Elga,Steinson
Billie,Knellen
Justen,Kleinholz
Ashlen,Charrette
Keelby,Purviss
Karee,Shellard
Averyl,Ivell
Dalton,Kopelman
Lorelei,Hallin
Guendolen,Fletcher
Bethena,Horlick
Carlina,Blackston
Clerkclaude,Scholes
Melba,Palser
Tyrus,Mapham
Broddie,Bleddon
Adina,Kettlestring
Joane,Gilman
Edeline,McGurk
Fancy,Blanshard
Liz,Fawcitt
Giselle,Barca
Nerte,Brinkley
Dian,Stobo
Walker,McGuffie
Daryn,Bumpass
Babara,Vaughten
Siana,De Carolis
Isaac,Klisch
Helen-elizabeth,Diggin
Justine,Hartman
Linet,Plott
Junina,Shury
Bradan,Fried
Dion,Bernardo
Any,Kiff
Roxi,Semper
Isa,Haigh
Vic,Skipperbottom
Johnette,Larway
Quentin,Griffitts
Berna,Phinn
Collin,Meiklam
Marita,Harker
Clayborn,Heinke
Loretta,Cleave
Anett,Reubel
Hartley,Kitley
Iorgo,Gatty
Ewen,Vanichkov
Holly,Joincey
Adrian,Kolin
Vale,Shillito
Anne-corinne,Wagen
Mina,Sends
Bernardina,Kiffin
Claudian,Triplet
Jodie,Kinchin
Delia,Esom
Annamaria,Alner
Layla,Reuven
Brandi,Phelipeaux
Chrisse,Prester
Rosie,Origan
Emogene,Lowmass
Edlin,Anthonsen
Jude,Druhan
Hobard,Cawthera
Coleman,Troubridge
Cornie,Rawson
Faina,Dudgeon
Arlina,Kmiec
Cy,Filshin
Jaimie,Pumfrett
Kira,Terbeek
Dulce,McKitterick
Florian,Saker
Eugine,Mateescu
Tracie,Brokenshaw
Ruperta,Zeal
Reade,Struss
Olag,Jukubczak
Sheffy,Richley
Ivette,Mackriell
Jerrie,Pickhaver
Laurence,Wigin
Storm,Hellyar
Delores,O'Carney
Kathe,Crolly
Almeta,Iorillo
Rudolph,Redolfi
Cornela,Featley
Corrine,Swaddle
Suzanne,Lesly
Carney,Alenichev
Linet,Reilinger
Art,Ryman
Steffen,Nourse
Eilis,Kennaird
Rosie,Edlestone
Barbra,Sidle
Franni,Menary
Anett,Skyme
Guglielmo,Crosser
Ivonne,Yukhnevich
Quinta,Avon
Engelbert,Blackeby
Jessy,Borgesio
Colline,Morcom
Hildegarde,Banister
Tammy,Brian
Koressa,Coulthart
Carlina,McLemon
Rocky,Parradine
Pavel,Deetlof
Row,Bambrough
Lamar,Ralling
Monika,Snaddon
Rosalind,Finch
Meghann,Syrie
Onfroi,Fowkes
Sandor,Holbie
Orrin,Boddington
Quintana,Knappe
Fred,Wardale
Dniren,Connors
Malinda,Rickets
Alvy,Nudd
Andonis,Tutchings
Myrwyn,Pfleger
Brig,Tempest
Yancey,Presidey
Tedman,Cappell
Georgiana,Essex
Emelita,Ingreda
Filberte,Sibbit
Georgina,Rustman
Norah,Hardey
Genna,Kinnie
Ashien,Gedling
Rycca,Tanfield
Suellen,De Caville
Candida,Macenzy
Ninnette,Apdell
Sonya,Jirzik
Arluene,Hankins
Maryanne,Birdwistle
Stillman,Sunley
Jens,McCay
Theo,Tomblings
Harbert,Grindrod
Shir,Wabersinke
Stacie,Domleo
Mira,Dougliss
Georgeanna,Atyea
Liesa,Robb
Far,Panner
Arvin,Bassett
Cindelyn,Saxelby
Crichton,Maltman
Garrett,Alenikov
Salem,Alvar
Errick,Zouch
Benedick,Jukubczak
Decca,Pol
Judon,Pestricke
Marion,De Avenell
Gilli,Blaber
Carina,Povah
Trenton,Blader
Jacintha,Berriball
Temp,Filyakov
Dierdre,Kewzick
Portie,Petrasek
Ardine,Ayre
Kylen,McMonies
Celinka,Scini
Gavin,Bryce
Lyell,Vaillant
Valera,Elleyne
Valry,Edon
Renell,Scardefield
Ardra,Knyvett
Harman,Hasney
Cristen,Dudill
Bernie,Paraman
Chalmers,Snailham
Jan,Molyneux
Luise,Garioch
Willetta,Waterfall
Felita,Norris
Grannie,Rowson
Hyacinth,Bliss
Doroteya,Tees
Geri,Bowe
Hoebart,McClelland
Inesita,Luscott
Berty,Sargent
Chadd,Agerskow
Biddy,Bullers
Joseito,D'Agostino
Spence,Ranyell
Henry,Souster
Maje,Di Carlo
Elmer,Haughan
Queenie,Ilsley
Eugene,Kollach
Bliss,Kynastone
Addy,Whiteoak
Brittni,Ailward
Chelsey,Morey
Salvador,Cardall
Antonin,Dulinty
Gayelord,Beckson
Jo-ann,Garraway
Gretel,Breissan
Ileane,Nicklen
Jaye,Bercevelo
Ardis,Rhymes
Levy,Carrier
Catha,Ezele
Suzi,Heibl
Gino,Halligan
Farrand,Tindall
Tedra,Coath
Gram,Radoux
Trevar,Skellington
Jessi,Bezemer
Blake,Hudd
Moritz,Lippatt
Evie,Endle
Lorrin,Meynell
Judie,Dederick
Audy,Strettle
Matthew,Maciejak
Drucy,Neylon
Isidoro,Amott
Clint,Kilduff
Emyle,Coot
Talya,Ellingford
Krisha,Milksop
Devinne,Beri
Tabbie,Masserel
Tamar,Mergue
Giacinta,McKellar
Otho,Attew
Conrade,Fortnam
Ranee,Osband
Lona,O'Toole
Patience,Dugmore
Oralle,Paunton
Gustie,Gregore
Gena,Manach
Etty,Stathers
Clemens,Swanger
Nana,Tingey
Tanya,Bencher
Gwendolen,Hamfleet
Carlie,Abilowitz
Urbanus,Putton
Camille,Chaunce
Tandy,Yoskowitz
Gale,Massot
Alessandro,Rosindill
Almeta,Tompion
Shay,Hadwen
Ofilia,Gough
Thekla,Grog
Hilario,Reville
Antons,Pitblado
Chaddie,Clurow
Mead,Allden
Marylee,Neilan
Kaitlin,Corinton
Moria,Andrez
Marielle,Stainer
Wildon,Greim
Kordula,Baddiley
Deeyn,Alonso
Gaylord,Brudenell
Pippa,Tooker
Toinette,Eckly
Dante,Dalinder
Bobby,Tebboth
Maren,Foynes
Florie,Odhams
Philly,Speddin
Harrison,Raigatt
Joellyn,Sipson
Claiborn,Frisby
Toinette,Soppitt
Bard,Trevithick
Nelia,Zealey
Kipp,Hackinge
Dale,Studdeard
Elie,Crews
Lanae,Frankcomb
Bonny,Shouler
Valentine,Peile
Rayna,Sawrey
Orlando,Corbally
Nanine,Tolomelli
Avigdor,Kennford
Bobbye,Caldecott
Ruprecht,Buxton
Hamish,Herreros
Jordain,Cope
Emmie,Sayers
Zia,Le Moucheux
Teddie,Ondra
Chanda,Dargue
Rory,Cobden
Husein,Monro
Caryl,Sanz
Heath,Grossier
Pauly,O'Doherty
Aeriela,Slegg
Tonnie,Cocozza
Ritchie,Mournian
Emalia,Romagnosi
Connie,Kerrigan
Pernell,Jochanany
Kora,Spinozzi
Josias,Stollard
Nola,Esmead
Hadley,Trynor
Maribel,Fellenor
Willyt,Gooders
Ximenez,Stokoe
Raymond,Avison
Sidnee,Dominetti
Stephana,Yushmanov
Rozele,McCuthais
Genvieve,Cuddon
Hatti,Bleiman
Erma,Chilley
Nap,Wisby
Antone,Caldroni
Bianca,Sabberton
Chris,Fordy
Jessamine,Ligertwood
Gloriane,Helian
Gypsy,Carswell
Mabelle,Casemore
Megen,Spadoni
Randi,Mosey
Christan,Cattrall
Celie,Escalero
Jenny,Gorham
Alvera,Fontelles
Montgomery,Moreton
Weider,Simonite
Olga,Poxon
Wilden,Gravells
Clary,Faull
Brendis,Dowry
Shirlee,Platt
Reine,Fluck
Christoper,Jesteco
Des,Sheffield
Albertine,Tomanek
Adriaens,Camps
Alika,Guilleton
Petunia,Hurnell
Cris,Osbiston
Greer,Pitkeathly
Nicolai,Harrow
Ilaire,Kestian
Samson,Vernon
Alejandro,Pride
Vivi,Currington
Regan,Woolsey
Brear,Ilyukhov
Livvie,Wallington
Lora,Creech
Lynea,McCreath
Budd,McGrady
Clovis,Greatreax
Kaycee,Skey
Emmalynne,Cristofaro
Selia,Eicke
Justen,Sherrington
Jessi,Fernanando
Murvyn,Orring
Mindy,Whittuck
Benny,Hanscombe
Earvin,Bunclark
Ileana,Heddan
Dylan,Rispen
Maisie,Cliffe
Leeland,Quernel
Scot,Syers
Maynord,Everist
Maddy,Hurdwell
Venus,Mettericke
Michaelina,Crone
Cirilo,Ledford
Sholom,Batie
Yanaton,Leftwich
Eba,Speare
Esma,Djorevic
Wallis,Curbishley
Shae,Elwin
Carie,Gersam
Temple,Raeburn
Putnem,Feakins
Rosmunda,Klimuk
Stanton,Binge
Tish,Bamford
Merrick,Willetts
Tressa,McGarrahan
Corrine,Hembling
Elvira,Oldroyd
Hermie,Getty
Timmi,Wisniewski
Isadora,Rushton
Flora,McGettigan
Norman,Oulett
Zechariah,Irlam
Lynelle,Tinson
Vin,Carrivick
Emlyn,Leamon
Etti,Morsey
Filbert,Chad
Marshall,Larkins
Jenda,Keddey
Carter,Tomaini
Boone,Hambers
Domenic,Alster
Wilden,Artin
Halsy,Dioniso
Roderick,Wiltshaw
Abel,Boc
Gerti,Moine
Kaylyn,Duferie
Beckie,Ebi
Billy,Yurchenko
Rurik,Savory
Gale,Bertenshaw
Cesar,Arnfield
Gwenni,Lamey
Silvano,Fairhead
Tess,Cotty
Giuseppe,Dahler
Loralie,McCathay
Gerik,Litherborough
Aubry,D'Acth
Hanni,Pilmer
Constance,Fox
Daphene,Slowley
Gallard,Aiskovitch
Isaiah,Dunkerley
Seana,Tolfrey
Aurilia,Cousens
Beitris,Ricardon
Jaquenetta,Tettley
Caspar,Yaldren
Annie,Matuszinski
Kristan,Spaule
Patrizia,Durtnall
Leeanne,Juhruke
Josephine,Hanham
Carita,Langmuir
Bonny,Embleton
Odessa,Redfearn
Cindy,Camacho
Britta,Goodlake
Bay,Barosch
Korney,Thornhill
Conny,Endacott
Theodore,Hartil
Melessa,Coster
Roxana,Rubinfeld
Jeremie,Lang
Sunny,Daulby
Armin,Bushell
Miles,Cheetham
Bar,Fossey
Riley,Pedrocchi
Roselin,Spirritt
Addy,Nucator
Benyamin,Kemble
Shandra,Gomez
Hillyer,Cluer
Karry,Grumble
Adolphus,Hame
Guenna,Feitosa
Cosimo,Hirthe
Tildi,Sinton
Ganny,Perrycost
Gerty,Dryden
Reube,Castelijn
Joela,Petken
Angelica,Felstead
Muffin,Boots
Wittie,Ivanaev
Cirilo,Matthesius
Brittany,Fasham
Dolli,Sawrey
Harp,Hammonds
Rodolfo,MacCart
Joela,Moulds
Norbert,Loan
Kippie,Faircliffe
Helenka,Killeley
Aldrich,Meert
Obadias,Fruish
Cory,Apfelmann
Kev,Ambroix
Lucia,Oaker
Gal,Kenford
Herminia,Sprigging
Caril,Proctor
Sue,Ghidetti
Nikolia,Volant
Marten,Christaeas
Danielle,O'Reagan
Carolan,Clousley
Lazarus,Harrisson
Garik,O'Cullen
Virgie,Rendell
Gan,Cartmel
Teresita,Merrydew
Elsa,Luckhurst
Noami,Babington
Siusan,Kraft
Dulcia,Egdell
Dorthy,Ariss
Hildegaard,Dobrowolski
Travers,Lovelace
Madeline,Ottawell
Maritsa,Posselow
Viva,Bengal
Elinor,Gleder
Yoshi,Rupp
Lorinda,Ainger
Em,Lillecrop
Jose,Pavitt
Blondie,Rosen
Kylila,Philo
Clemence,Saenz
Tresa,Behn
Dorelia,Vance
Hermione,Tiffin
Harv,Drewry
Alleyn,Dripp
Susann,Felderer
Claudina,Weatherhill
Ervin,Sloley
Clifford,Elliston
Kenneth,Fleckno
Evvy,Schulken
Filberte,Sandifer
Kissie,L'Amie
Glyn,Reagan
Cathe,Acom
Mordecai,Franzotto
Merell,Colicot
Nalani,Mulqueen
Colas,Akitt
Trixy,Sheivels
Ginevra,McCaskell
Desirae,Bondar
Felecia,Thebeaud
Marilee,Olorenshaw
Wallis,Garshore
Mortie,Ogan
Linus,Wishart
Darcy,Stegel
Seamus,Le Blond
Myrtie,Crone
Hesther,Winnister
Averell,Dugget
Nollie,Edyson
Blanch,Lebarree
Alice,Clapshaw
Maximilien,Stranger
Ermin,Perschke
Yancey,Houseley
Selma,Brear
Jaimie,Tucsell
Dante,Bayfield
Loella,Dagon
Gunner,Dauney
Marian,Branno
Stacia,Mation
Carolan,Jollye
Lilah,Melchior
Idaline,Andreazzi
Orsola,Janaszkiewicz
Philly,Lipson
Hannis,Grima
Dulcia,Matiebe
Molli,Tomanek
Ilse,Gauden
Galvin,Mutton
Iseabal,Scanlon
Aldridge,Fawlo
Sella,Silson
Cathrine,Josiah
Maurizia,Dunstan
Caren,Bevan
Lek,Edmunds
Angelika,Lowdham
Nydia,Jambrozek
Berry,Knellen
Talbert,Brockhurst
Melba,McQueen
Forrester,Kiera
Salaidh,Chaplain
Gustavo,Banger
Anstice,Buttfield
Ramsay,Buzine
Vyky,Veitch
Grete,MacAllester
Megen,Tolcher
Gilles,Fulger
Clyve,Barnaby
Romeo,Buggy
Duffy,Priddie
Ellery,Wildman
Drusie,Keighly
Kurt,Vasyuchov
Domini,Ponte
Reube,Folliott
Carry,Waterhowse
Annamarie,Graeser
Karin,Shailer
Skyler,Ten Broek
Paula,Gerdes
Alvera,Ditch
Hector,Fine
Theo,Roydon
Zebulen,Hallede
Lanie,Aylen
Eddy,Simcock
Fae,Tilbey
Wilma,Tante
Dotty,Hopkins
Giustina,Gumm
Terrye,Grzegorzewski
Rosie,Eddowes
Erik,Doe
Maribeth,Pownall
Adelice,Pods
Bary,Haycox
Milzie,Vagg
Giulia,Hayer
Jessy,Wollen
Wandie,Jakeway
Dore,Pringour
Gerrilee,Colafate
Eolande,Fuente
Harrie,Minors
Ginnifer,Sevier
Shannon,Quadling
Crysta,Durtnall
Winny,Clunie
Annalise,Bunclark
Nicolis,Longshaw
Vivienne,Olenichev
Ariel,Eastlake
Nadeen,Romney
Ingamar,O'Doherty
Jarvis,Selwin
Ivie,Verheijden
Belva,Oldaker
Sayres,Haug
Stan,Sage
Wake,Leare
Moselle,La Grange
Sarajane,Cumesky
Fedora,Parnham
Berk,Braim
Ursola,Dallimare
Lin,Dmitriev
Haley,Keynes
Tarrance,Robinet
Salim,Alan
Oby,Eberts
Dulcea,Boundey
Lavina,Eglinton
Myron,Pimmocke
Charlie,Caris
Basia,Duigenan
Edwin,Budgen
Kaitlynn,Kellick
Bale,Pranger
Wallie,Brotherwood
Alexandrina,Lark
Oralee,Leathwood
Janean,Panner
Cammi,Bulbeck
Boony,Paulucci
Drona,Kopf
Tera,Baughn
Giovanni,Headan
Giselle,Capstack
Shelba,Willshear
Linet,Carus
Valdemar,Englishby
Gabi,Yegorkin
Elga,Webbe
Carey,Dagnan
Mikael,Kubalek
Winnie,Wraighte
Winthrop,Tillerton
Jessey,Walas
Lorna,Bingley
Findley,Bacup
Cara,Gainsbury
Nelson,Culleton
Catharine,Aaron
Courtnay,Blackney
Trix,Clancy
Alie,Cullington
Farlee,Kornousek
Amber,Beefon
Lishe,Hanniger
Shawnee,Dallaway
Ephrayim,Philbin
Rivy,Hinkes
Garvin,Harmond
Binky,Strudwick
Kaitlynn,Jost
Gwenny,Serotsky
Neale,Minelli
Constantino,Barbey
Richart,Sailes
Matelda,Alanbrooke
Sim,Pollak
Steve,Grice
Erminia,Levi
Quill,Kinch
Minda,Daley
Clifford,Dairton
Lionel,Kennerley
Page,Brecher
Aurelie,Laimable
Mitchel,McReedy
Wade,Aviss
Marjy,Kirkebye
Truman,Gorriessen
Jayme,Mewes
Simmonds,Manhood
Mel,Struthers
Kele,Ohm
Enriqueta,Oggers
Meggy,Pandey
Jeniffer,Saywell
Arie,Maddison
Merv,Extil
Jammie,Shera
Corrina,Josowitz
Katrinka,Frankum
Adelice,Cavanagh
Deeanne,Frodsham
Moritz,Glinde
Boyd,Bott
Selinda,Couch
Myca,McMickan
Callie,Gonet
Casper,Gori
Gaylord,Gadie
Sonny,Bollands
Gaye,Fulker
